PK    翸婲渑絺   ?      docProps/app.xmlM嶮?DJ檩n椤?A?O轈罕??溏?~苕駟a原P?公1$>鯖H>拜0歂?*袶抿 r蝃紣}FL?蝷U0騱白隃s鹬埀?o19楫誦P?麈飝娣傔I?PK    翸婲vkэ   +     docProps/core.xml蛼QK?强婁浇BC??羴鈁Hn[X觿浃莘翻[囪?wwp崏覄?)DL??卷?q?DQds@痵9&罕?蒶焛Q洠?T溸丟襐搯	X膮萒c?	5卼芠赤鉭jg?€-z??05M導?榒勆顼趨8W奈`玟愝掙霿sn蹵利笥爰n岷L?8N?鈫]&凯?稄LU\?_Bly-追勃?&?~Wa?l|T?PK    翸婲橽?  ?     xl/theme/theme1.xml鞿[s?~锆衳g鰉?伓?siv鄞檮鞱?X峫yd憚縂6藮頀M簺<,辂蜤G玷8y箢.b鑶垟騲`?壑环/捺W2$A0Н鹄
^礪i ?}?密倠Kx酥\郲/#株篡軻刬l?Gd`}^,h@蠺QZo_ 村3?薚峞?WA&箞打鵯劈谵>e祥:2乶0X 蝟тNZ堘T履纉g?Vk茄襀€偵}?篒觯?2;:漍蝪|瞿頍屖趖4m嚆駒8端覌p郠粸聺鬺郡A	矗i衐伥诋懄獚SO喻}唠沨?峓O觡w萦帀骗衳抉O嚸畨偏衪雐&'kらhBF汶z靛@? Xpv痔?朸)鷘??惠A\餢???謎??Fr潗 7难LP|疉秺嗦捯\愔?礟毴侕G?跑鯒簧?z潁:蝛?i?ы粵蠐黶桎煣撟MB蝡?	覃#[a?n;r:gB|霄鰬?2巷?隢<gV柊]舷錇宺#惠鯴}鯫Gn#砖莱"讛F$E熑-轰8礗2?潌榡P?1枴嗻雌??}肪冗崍鳙o?WI趧?F鉁s鎠裭?仰U架X???,胖x暲癍?蛿A啑$&?~MH?ペ覢饠/$鶭憦i?&丸3罠?u噃?z?鶞5
?g矲!刬火?帤+B>b6r?伓q﹦`Z蒲xN掖黋??`褥蛻u沃?抆7B>b螊???J氻X秊^肐凌偹f~喺3l,庽G?J?&??4Y	絼Vj煪?>?2
窆>鍅x
7柶糚畟{掩7芦鴤?.}膝锕?∫?#}g劣媅轋n[柠?谧4.(cWr腿荰瘬)?熇忑h>烋睑?劘歒-#怟伋A$更嬍??鑔[%	薚觘7?濨n镾鮆曌瀵??[溟t>,嚣<_绱?3C穜K甓斁?8J舯蘰N?;g<?秝?5]v??S桟?B?m簼?8灅懝
覴恛鸣榕x??箎榃m缲蜒罳埃??菆颌!睢啒厦C噛{_榞暺P4ml?,F穈缸?郿`-?儻Q騌U`1[?+悽|L孍鑠鐥\_阊掋郐e祅?wm"R9耰?g辝绷U蟄[虬緅=?N晓Y?NHc?ⅢS剧+I腢8縀3??笺媲qNS?v?2够9﹝e1g︱?	,[圷釳]碚鐩湲z"v鷹w羆螨p蒅?鏮鬩C畘鲚泮n?HL測?tE#?2銹顠?蛿蒁?俤?€橔津?苇>9E,儐N^?姲!r泔飺jw屪?乵凾2d?蔆壛=3rC豑%螽?呟釺突?`K脄n?'踍??=F螅權硣s泎嘎E?X???p??^?,C羮妸€玝竞疧??磠駚 淈舟萼|垣Z+?K|?c孾?_?b杯期1y€X?8邍E?3諎??oA誁?墼h?4?^1櫠6ｄN
<荥?奥膸犴嬁PK    翸婲){  ?     xl/worksheets/sheet1.xml蚞[廫7r??h?H恺矑X2荐?k腨鋗謏KKe4籒?尬i参e巶5`磟蝴惉"?_黺{麟鐆珞绡炕?魢g?盂O鐝鹕/穡犴蒇g?轁?}xL0f瀩妇孁?頭靖洀??}?譿龇?笄?箉>偎煯邽<?千钹莩驍77??哕~|tw_?兼聠_寞黷ss箫Ga-唤?践W廦樢宬x(樔Ё>.儐?蜲6?V蠓胂缱凤箧妄化磺忁?哈荥鲚9璈?~s}泡韔忣翵_绝9??I呔?梏泯|z幂?齆p晚笥??耢?>{鰏z芦?)伢?籓x紧?觓诹媵	蟕EeY?K?&ョa:FZ*,K?糐臘黒?ㄐ肯駕饂a猥f琄bl脮c8ャ33纟羽p)鉦嗐霉d?槏?歅憟B绥瘆鼦I蠆豕屜?o灐||L=>?W?6デ捬樣鼔訛sc?Y8!	j?鐀鎠N纋e|/旍s?W専5e??Q*隅5???H歭酨鶅?蜰8gk疾萊闄幆*?晶熁?甲L?_p餆7鸅*?4嬘榻a0葸?8^??鹎nN?UaI帮瀪篝O?鍗婏共|g宪??虶松8檢鏄鲁f瑽N"$s螙3? 3$饫P!櫸=龓?>悠W﹎\弊?咃y详駍碆顦7\+?罦]X?PJ*u拦擽络=甿櫵>I贉G鍣|螜??<?=?愎???輰f嵮8輮豑滣?锣=b幥S苎螊鴓G*?D?uw>?澙瓈?4乲銽?E)饋
鍢埠|?d☉頝'埖栻禤迬゜eT? 擫ごs>)R鍅??e畞嶖?朌?泥C朤u倰捐。?j煕矡??i撇+P舎?泫?減珘捰牃 ≈??Z豫`Y＠\?鏦隚?B? ╰懖嗡TQ?/	??誟Q鶋羓jE AT┈9d握Ugry埪?敧?似媉虶_菙?m5諻B???1Y{\#? ?h65?叏j抧f?C:?? 耵?炌j2rV?#蓀*? ?N?JNu<执訿?	?熕翩6鰿荀€重9脵"?N?敥?pK`蚀? ⒏T?$炝緥???丘?编?溂<欟?貜&o,gHra[u揈QSm着蚇Lw齨瘈湉Q1"℃u夢s12Q蘛绎佷??G-幱a?道袌螤6?馛?娿z约\?{8g畭訏Yg=E鷬?w3i]壗L?XzLZ抮YCv???廓镭?紓]N€晒?	枋?巈??$;??竄+Fs<氧颉翿N`A?41魯	]"?杒??fQ?t祃€爉??h擶8?X49嗾鮈岉65貎?塄滬.誇#s?黲`M?婁薍.?=;0/4姃??? ?媀€.}cy鬢Lf=A砶.镡LP}*渫+d昔?1篚鄹"J?曛往蒟筢簂?)I豴 ?r?=钃勮;?*|噑疯媺姫K?衟dw鐍v邛院?-R?艍?胰虽珹U懺j>賚岌欍1剄" 櫷]v€;E艥ba]?摉肤(驹$玚?~.?w偞瓿??柛CX<;!醷样罱7艢箠隝?ⅹ粴棦謏釽D*T?霜mv辡妰朮猁y?SL鐰莉Pd
訉 殺蒶?苮 ?M葁人.^@_絵\龉酽F0嘛$妋_}8磂?_｜D,e库(詰w?1嗄?1t蔷藸!u辤m螟o*P?辴y?汘3?鴠sp"攻or5獻軔dX?:$頒G"迆鞱B?悉菏S0珎YdUqW汄恃9b`拠?佢p鈂:苽鲕Rt畝X?? k??C>皋嗁甐lb酭??;ㄘGF垓?!柍???磅饇??^B3??汁>q瓔1€?巘烏Ｅ[?1?T摜?Po鍸墣艛厾紶3+q拝?堚C犝柕瞐<綣N磒~擆8V?w敁PT弨 爈H駺kA⒆-E'楛趮蜼b许? M?椑EL?临?罗夒檱H?D棏B?Fa[?人.?F??s^xE瘢?乮K^S假7Y擟?畠{?苩- $緩腱
7(?yy?伜?q闒灬A毾/略WU炏瓘熠,M.螑?b[奭?斆y白商%Q? 沦j4??1?P4輦S?籷??*.埠?"/1覝b?z骿4g=6I躱C篵;?婵既楳z$炖??7眆徏&?? ?l帖€摟R并J?拾OG@F槖]"??蓧蓕i蒚尛|`局罿W)an?=渜Jb?驀bMu.H"|=a嶕瓹?儃烋觵???唖?L0%?擢H@}峂b鯑o裁	p:s?岼L搽Z繒弽Y33? 阢灧l拠箢?G?fNIQ砨s?泲71囏媙??=鯹j歿?z匏蜺X蒼剺 响e,;^???堥?脲(@R鯼h枪拾SWo?s;鶧$?迟螊煎眉q舜馥-VEдd瘶XRI缕!??VA鈦鎪棅??br巖*u?`運ア跿j ;虹?I熡)詔?I澋漠XW巃g贇?蟚?措?兘b藶?嶝溟攋rうXVwp楶z鯒构]"?槓嵉p灗-Y勋?麄1?蝿昵釬~裢儜萬?M昁Ha/粩??Lhi楿L(莌?莄蝘暱@﹦b漀p卪や※蓅'?峖謨U%s俅礚明瘔)Q續@牣 劉Wn弊??f? #?蝇蚉;ㄌ: 獖誚燯-崑"?{7O?曥|懈眭\X&?%V??檅i)磈兤蟤龙胳?o?槑0泳拇??蘌焓撫R?甴f%櫖?TT濣R塶?J?r椞慄>d5rT濨$AM?:歞體q91?脯淏?Nひ愉y?蛭?U?*dI複?kJ吳})浟].k侬垑Awh匇?輛wY'琪k?1刘DS-慵?rz蜍?6r?K:麞?祙+?:?贁|1斡"_O鄪/仩O?d?AeF?軄;鞘V爤?.@蘌?)'h贅N8診h?豅?腡$?(?齊鴔1隺俑?1囚嗎Z裖?B#? Z堯ぶ??lv伢樥嵝#梕絁Y?兇蠌q8?m樀d尓€TqF氼U8aP棴?{偂C贩?"憙樌z豹"皸rX挀<s眽b>-C%wm??F??b擝T璣洑幹%裣^Rh#??士浈&zM2羛票悦?秵`敭╒S垘c朌獦辀郰9/vI!b?抜访0搟cF{9-皩?Q霫 搄杫f漳@齔杼H樯7$F?殐R%蹨T倅!Soj9喲忍c2屙憴找r炋鎲??锿筵b﹋<U脛b诗e灝x[S澑鶼z;赛錥n?0X>"]?3?(k
癕k?斢)嵆T▉饬嚀???tU<hzM芗€浰f[蔗B虚??)[*普??Yc2 r覷蠺bR五DQ[瀟9w(&濷C'吆擷?
!e寤尼⒌'g{邑?惒n赸?'e%藑Xi恖?1鑾僀?O壄'劜?戥fFE諝@誠?7u揑^`樤囪H楕?aj椪dZ%稛?q_c髧t~z泟(b徰傣?&=i縑4?`'4m{g}飍奋A$礡淤佑@?T軻衙BPW	p耈??,觵榈鍫u?跛簜l???5銧艗N??l蝱?):遧隽勬?蔦澋孝幩bf1@>Mq?sM€菟?l?F梻虎?
?蚫驌??P揵?鼺覮Qxx牭T}煩€佻O"?t?靽歮>?惱祉枧媭{興吩
乆Q?@? \4┽鬭:禐?!Rdd"?R"!X劌暾L袍喞峺铴t匼pQ:?叐?1??冰eI8驼夔洞湅r徆蠸<?涠楹B帰觋6??壩L 楻?簘?腵??籮捸韭餔璆簄鐚'聠d\A
艎?佊
??Q酻?)X/-▔醱惪P晆b⑺詿FH慮蓡魊褶pA!3蝷u?譚黱禕鉆	燄壉?m??W??9鄈-L怳?3T浩J?萸-??'OD鉬E睾?6<t桯漰?.o蘴OA猙苴焣配K?%僻趦呢悦跺塬獭.c庤Q??S馃?醫?|[Z=颐I紻喁3佂)9艐?=娸鎬1r"B\Z庼鋷 9先`?臾?F&鞳鸕?Q?,砑儋敓?`礆艅唉儇.蛶镍?「?4\?凌<l瑼g揗LE鋐OvB鋬夺章t蚒_?娡g%?!>r炦?隙输瞞耎?d?Z8辧呣l"椄	Y?鄛巫垷knd玥V'炘觯q｜Pg鉘ZW縹?1锦?喇w(81h臱?[膩蒵种钣?&?'f[7??奒囁I]/B泋\&O似錖2?穚I聀%`攜皡虂bX顤€樄選f槞]芁|4]?赽尡T粯J猎*嚄珓}艙?P??8篓T)[1?`n?眀掝草罙钵?%貳S:儲Q?Ow}绡艸&^?7n?E蘾絰?犣?汱w鞨]Hj0?*鴗nナ?侬?
琏_韎瘓?1扆i;
?J4焱俁??9屈?T潏M?镃'l娢"["洆笯wｘs??c?堘鲾h;潑?U@J跫R籿p螎鑁?嬋酻q9kM癲?)澝忏岵J乇攓o+敹Z?雽笈6嬢嗧仓箅P瓞0w?琷秕镯)伶z:蹪d?b铍%T呇?r)	誯啉姌让%Ti罎;鵉$,嫜侱??[??噈畇"0璗槻諹j0	裚4苤N?F?3餋K朼`?f阇8L籡馅烚箧教蒤u3?P註}*毝鷖ojn;?表壭桵G?优Au>ě籇> ┸V萲椦?Dno:?鵓惢壢@??赖ZG低灋醨跥涵S驕q萝?bb餧抏"(7嚞g?@;e乫斻Zw箹??
#+?醇鯓j漽騎苧xhH＼廇‵:産b??峊H帣?U蕑鎵漵G侮?6LnC'-<椳暡0鞷蝞{鉢c屚?祗鎬0东愛h8?唷鑴a:5ェJ匍m葺M绊?xh趛
O詻 l(芌vA騉侷楢;剧O讨??ㄏ瀰霝a+F臯]鑾琅@赇w?r娆X}?5阮頼晣招?鍾磖-bzN]Ⅴ:?}隳:谉??瓿砧9??■??U旕灴虑栈t?m鴓焦W]E鈳??悯┖/鰒忮骢蜚瓇?H膒;z 忶:鍷蘳酨攫 钚婜B? X?瑅胙??鯧€?}乴??s惢7c乤埅Y?<嫐s?轞1?^<]?a?騽"gsI2S轇m?觧位嫢盷矀hI?(3坡蜑潶eH製g愐? jpGyH]茙?漑8纒{d;?憄J%旘?衈瑀:T?廂?Z嘅汾;jk?€=€?Ha ,(頮瀙蛕輕鏰奚E?jC?ぷV鎱拪斆銁漄硺f豂蚢N歙9=X?B?突:挗殛浌+l?搪&寒﹁毳
]&|	豗晏S秝?幒??锉饩.??Q價W徶籀?? 稻俍O禈苩磞霌迥壴K€溈燽椯嘊踾:梙爨`捝fL踊Ox?臇}叜濦[沐嫆sS気饒l嚟b滾vz闒?}%;9'??}E敒?B?毀噹
珮?{m? 芢?	?筀B擐?5示"HO舝mj矁}?\&3 ?箞〇醫?W%靂?	P牷?M??X?踏G
罁盳?鲽
 =u楸?aΠ苐B?w祱^贂縙P兜;?1硞;烤駍N6赴?冾 頎C.M?^剀?伴拀!霡Go訆 =??R童H滣"r?u唢_?翸L铊4达.孫)?Q?$SF娆Y铧軓檞9:Z(wd淭K??C=哃饯螨?缦)=螜	炎蝻?e?"鷇捲Z{55珷5鼂H??矋?稑些鏩2L?r6?拘?jR>#?5?,?KF搁枕琨泂沕\?JX鹢牵頑4?摊橁6?gpq"<点)??v %??皵弍齛W]?漇l?Pj夕籍D4蛲RM哘格粤}b<{妈蝑?鴣?穽x#!?槲1E-鐇?va峕b+?x雽穮~E蝧3繆K覻L??I怲`Wd?翎墊愧腍r?迵襣?QT蜹肂29z錁A]5KAj??椊瀻骸?嬫?k(?(逤/GZh戄嘢h攸?姱??眘gAx44A?熅构~{踫忿?i?鑍玕鹷泝D?H?坌暼潩5K蒉訉z鶴g径BnNSN镾摸箥黏狻O啷瞈灵?牨?ǜdu?評)8寮λ药Q鲚9e:絼 ?乇鐗俌W'ZN3**1_?{妷澤S?$^S?"fxc?b?^薼]β檕8G :??緒.焎G辪i屈	/?鼥!4V瞪?度6鉋ぃ:k椅?忮^?]黚箨??}GW摐CP抂Y獆噵軽Bo轝 S<С姰滬0咳歅好昤叚齇轅^揪5l 櫒僽?飍繪?漇?v?%<i募#踙峃S撡媦(ND?稻鮆?槡/c赯靚rx??r竑?U炝8q?梥I豫繇]Z<$z_颟à眮c擶hx湝u籥V嬰<?樔X鲙C?鎫_癉$"煭擫减-簻&?溥7??炖卡?浵懀砉
螪?W鹾朽ЮC襨&; 彀8豉e!M谂糀衸?巈摔浐@银蒳P? 罄
(=o髸_橑??`牔禷[7€歰谰? ^X2?孈l锉竔鬳?+季垰z琜?x搖騑f?=Q纚8醖??Yεy兒9巽J禥彝裃矔r?籅?斊/嵽?+A?'逘wN爓岢?5黎r豉璕?腹羰譩H赶瑿褈鲴鋢C稴\A? ?4G?B?^:?~逌C>龛弆.?Uvヤ蛿郇类紤_S粠vkZOr燕sA錛[敺觙髩??閴ь蕷岘嚨D攘vi砱C讯駯N,荑??兩\皏?	〦?乁
罋.?墊?+w樮蘍哷E鼥RImE葑捬诺詃7l??:T季?缎L7啀c竽x;糊櫕?晳ㄓ+铲?籺籌?呭?Ht|頡蛐x=??;嫀貓?b蹉\2慐獈NN匁-€R!`m仈筱	?毩軑I(??躍抓蒝撱)鐮?诧?D<4燍&??耵脮﹏?喋wm妉芦耼YF%?":#|簉2J&T2v?斄d燕_A 庭玆V班挟V![g矎c原m蚐朌5襝&??z:O梂唐@?囊6p羈M螔郧3斄?*I痶賀?C)?歶チ鎮あ 噝泪椑觞r蘺VX|@?s4?餾h\扇d$燕gA 衷臚}r}?毷澂??2,pw錄┈描杣豜庩鹌3?詧z荓W-<顋?纡鍕O護?揪{{篑螅枯捱邁 b?~羲眄?aO崛?_?o逕?桀n蘧+o頾?厽>冪v{鱧沐PK    翸婲赏??  q     xl/styles.xml漈蹔???h&]hI萋翨[f$Jb??C瞋_傥?荮}墺c?I稉8+竧 ?愺??C諄?蹆?-怽?C顯詢O?9烴?茵"3?笆?s~釯?謑葯G€B?v*?厭!Vh╂?PYeC*r瀦dx徾i魘?彇?&Q!~?|?杹鞘(瞊 ?O鋭? ?鹵瞟粗?=錥BXHご?w悏P?h?渓;竣?繅h5??"詐素g瞤t9菐F９夡?麒Gj婣MT犜?黰諲R阣jX寉i3唧亭/f?疡鼂度剑=姈躜j駋ぶL疬F嬸鉅慡皈f?v痒jdk4腲v傞噦?婰躷Xg潀'>!+纐v嚥?漊显,3Z?唘鼕瞨?d]C,?皽耧V鍻?Jz~虱?Ｂ咩%^斖/ZF疆9哽逷薗傐OPK    翸婲#??        _rels/.rels瓛O嬄@趴J欫W撩b=y閙Y?q&鼵;?眫{嚱l稵P?^蜣廏?4爒R叟T寏?璲?H?廼艖BVj彋Gi ㈨?噩?惄?歆濫錔#曽4??-?罆?3鳙l泤[B巩;KG?OA瞘朰6,庬穚敬,?豌
罁臺讖?H矗?h? ?净晜#7#??p?PK    翸婲?i?  #     xl/workbook.xml峇罭?龝*@?&1璡榾I&唙O[w禆臅鉵隘峭46n??巯??癞$趀_迏X榁鍄琙?轕A+狈?o筘1?? 鈃>崷狗堂碘?!丣悅?癆8腒}H3?{eaF&辰?:^X乬冒-特dr旛?uz桉u蔮K?b<R胫搒ij(???癭酾Ql鵤Uka?%躢?蕎a役佈+颢3?鐇2q?睉?+XP調r驊?跜l眿&諧a掟$Y悴>?5姊)?j仐??嫪× 鯖駾捧謏刨箱鰊|癁鑫=*?^?泓??PK    翸婲娔醍   ?     xl/_rels/workbook.xml.rels瓚??哶E? F?杂.^荿犜h舑K?}鹵顮;xi	鲬?4?;掝E觍F*刦v RI眜8咺c?9淳'U/[?I梧?⑻窓QU耊u*⒒?r!`2鸫?嵢KI? +趁鸲i:匴?幖c??e?駆悗6烿<买~?蹴 _]? PK    翸婲?  ?     [Content_Types].xml璖薔?鼤(W籶鄝歗(W鑱0靓标椉蹝?洡E?è关^项?戾?漺氩%JOR?1A`?b3oeRzФ 婫ヽ TQ螿畺kh赞Q?搠評㏑rV+?菴0ふ塒dp???;斉K?葁u?栻
吽擂娓?鋖?地4V儔z?D`薁? 錆@::8%篞橿昰F?9"bFe鈗罃? 岆齅傜)铇櫻Lv?Ni?兽q???s?S烯齭盁1飭骉每A斆v[?~`?疾岱D>b軡蹂饛W_PK     翸婲渑絺   ?              €    docProps/app.xmlPK     翸婲vkэ   +             €?   docProps/core.xmlPK     翸婲橽?  ?             €?  xl/theme/theme1.xmlPK     翸婲){  ?             秮  xl/worksheets/sheet1.xmlPK     翸婲赏??  q             €'  xl/styles.xmlPK     翸婲#??                €)  _rels/.relsPK     翸婲?i?  #             €?  xl/workbook.xmlPK     翸婲娔醍   ?             €M+  xl/_rels/workbook.xml.relsPK     翸婲?  ?             €3,  [Content_Types].xmlPK    	 	 >  w-    