http://g-search2.alicdn.com/img/bao/uploaded/i4/i2/880734502/O1CN011j7xYYBVCbL3coi_!!0-item_pic.jpg,双11预售【三只松鼠_豆干大礼包6袋装/1030g】零食美食美味特产
http://g-search1.alicdn.com/img/bao/uploaded/i4/imgextra/i2/29807040/O1CN01mDWSOg21sMm7sUUGS_!!0-saturn_solar.jpg,买3送1 达心堂青梅精正品 浓缩青梅锭青,129.00,38人付款,
http://g-search1.alicdn.com/img/bao/uploaded/i4/i1/725677994/O1CN019Khj0y28vIcjDq6wm_!!0-item_pic.jpg,百草味 华夫饼手撕夹心面包800g 早餐食品零食美食小吃,39.90,6974人付款,
http://g-search3.alicdn.com/img/bao/uploaded/i4/i2/2640424710/O1CN01lsjTxA1kfDwY4hqzH_!!0-item_pic.jpg,上好旺金华小酥饼梅干菜肉黄山烧饼特产糕点心正宗美食小吃零食品,26.90,29705人付款,
http://g-search3.alicdn.com/img/bao/uploaded/i4/i1/619123122/O1CN011YvuzVS15kNjDuL_!!0-item_pic.jpg,良品铺子零食大礼包网红小吃吃货一箱组合女整箱混装小食品美食男,64.90,171193人付款,
http://g-search1.alicdn.com/img/bao/uploaded/i4/i3/619123122/TB18uYymNjaK1RjSZKzXXXVwXXa_!!0-item_pic.jpg,良品铺子甜辣鸭掌卤味真空美食小吃特产零食熟食小包装155gx1袋,21.90,1495人付款,
http://g-search2.alicdn.com/img/bao/uploaded/i4/i2/725677994/O1CN0128vIckeUMRAB1Gq_!!0-item_pic.jpg,顶丰皇室曲奇90g*4办公室美味美食休闲零食饼干,39.90,3263人付款,
http://g-search2.alicdn.com/img/bao/uploaded/i4/i2/725677994/O1CN0128vIcj30IhYqwG3_!!0-item_pic.jpg,蜜诺达法式咸芝士西饼150g/罐曲奇饼干奶酪零食休闲小吃美食早餐,16.80,9376人付款,
http://g-search2.alicdn.com/img/bao/uploaded/i4/i3/725677994/O1CN0128vIcigXVPWVkns_!!0-item_pic.jpg,三只松鼠 肉松饼456g传统糕点早餐点心办公室美食,26.90,80391人付款,
http://g-search1.alicdn.com/img/bao/uploaded/i4/i1/725677994/O1CN01XXxLRb28vIchaq7xj_!!0-item_pic.jpg,陈昌银陈麻花手工小麻花小辫828g重庆特产传统美食小吃零食礼盒装,36.60,323人付款,
http://g-search3.alicdn.com/img/bao/uploaded/i4/i2/880734502/TB1IC7SmMHqK1RjSZFPXXcwapXa_!!0-item_pic.jpg,【三只松鼠零食大礼包】网红小吃货一箱组合超大批发混装抖音美食,68.00,319180人付款,
http://g-search1.alicdn.com/img/bao/uploaded/i4/i3/2095703462/O1CN011bRdeQBGl7GASPR_!!0-item_pic.jpg,桂花鸭南京盐水鸭1000g正宗江苏特产美食板鸭咸水鸭熟食赠礼品袋,56.00,2932人付款,
http://g-search3.alicdn.com/img/bao/uploaded/i4/i4/3282604381/O1CN01zwriOu1iEXdbDnUaM_!!0-item_pic.jpg,轩妈家蛋黄酥2盒装 红豆雪媚娘麻薯软糯糕点点心美食早餐网红零食,89.00,14040人付款,
http://g-search3.alicdn.com/img/bao/uploaded/i4/i2/2780349775/TB1xQ82b7fb_uJkSmFPXXcrCFXa_!!0-item_pic.jpg,正宗安徽特产黄山烧饼60个梅干菜扣肉酥饼网红美食糕点心零食小吃,19.90,74233人付款,
http://g-search3.alicdn.com/img/bao/uploaded/i4/i4/3282604381/O1CN01omJaM81iEXdUnT0Qn_!!0-item_pic.jpg,轩妈家蛋黄酥6枚装 红豆味雪媚娘麻薯网红软糯糕点美食早餐零食,45.00,26561人付款,
http://g-search2.alicdn.com/img/bao/uploaded/i4/i1/1808120453/O1CN011FDVtGAvIA51xDX_!!0-item_pic.jpg,劲仔小鱼干小鱼仔休闲零食香辣网红湖南特产美食品辣味小零食小吃,45.90,21553人付款,
http://g-search3.alicdn.com/img/bao/uploaded/i4/i1/3017400344/O1CN011EPaiaQ0iZCP0LY_!!0-item_pic.jpg,【旗舰店】好欢螺螺蛳粉柳州特产美食酸辣粉300g*5袋螺狮粉包邮,64.50,13952人付款,
http://g-search3.alicdn.com/img/bao/uploaded/i4/i1/1808120453/TB1wxNHmMHqK1RjSZFPXXcwapXa_!!0-item_pic.jpg,劲仔魔芋爽656g香辣味零食小吃湖南特产素毛肚魔芋网红辣条美食品,39.80,618人付款,
http://g-search3.alicdn.com/img/bao/uploaded/i4/i4/3017400344/O1CN011EPaiZPxAk9oicP_!!0-item_pic.jpg,好欢螺螺蛳粉柳州螺狮粉特产美食速食螺丝粉400g*10袋包邮礼盒装,149.00,2988人付款,
http://g-search3.alicdn.com/img/bao/uploaded/i4/i2/190903296/O1CN011aDbu9Dw4z15WfD_!!0-item_pic.jpg,五芳斋蛋黄酥2盒装麻薯莲蓉红豆网红休闲零食手工绿豆糕点心美食,34.90,4279人付款,
http://g-search3.alicdn.com/img/bao/uploaded/i4/i1/880734502/TB1x7Oam3HqK1RjSZFEXXcGMXXa_!!0-item_pic.jpg,【三只松鼠_芒果干116gx3】办公室零食蜜饯果脯水果干美食小吃,29.90,128219人付款,
http://g-search2.alicdn.com/img/bao/uploaded/i4/i2/931895670/TB1U7VAOVXXXXbtaFXXXXXXXXXX_!!0-item_pic.jpg,20枚玫瑰鲜花饼云南特产玫瑰花饼胡先生正宗糕点早餐零食美食1kg,39.90,8549人付款,
http://g-search2.alicdn.com/img/bao/uploaded/i4/i2/1993999192/TB2ZxlaJr1YBuNjSszhXXcUsFXa_!!1993999192-0-item_pic.jpg,北京发货稻香村驴打滚500g*2袋麻薯点心零食传统特产小吃美食,39.80,289人付款,
http://g-search2.alicdn.com/img/bao/uploaded/i4/i4/2031278649/TB2IleEXVzqK1RjSZFCXXbbxVXa_!!2031278649-0-item_pic.jpg,李村脂渣香酥猪油渣肉粕干炸五花肉脂渣青岛美食特产肉类生酮零食,59.00,2235人付款,
http://g-search1.alicdn.com/img/bao/uploaded/i4/i3/2451846249/TB2UTLYrY1YBuNjSszeXXablFXa_!!2451846249-0-item_pic.jpg,老北京特产大礼包礼盒领格零食小吃京八件糕点传统美食驴打滚果脯,18.80,2865人付款,
http://g-search3.alicdn.com/img/bao/uploaded/i4/i4/3874929428/O1CN012JW4a2JdQ7sT4KD_!!0-item_pic.jpg,自嗨锅 螺蛳粉冲泡型 264g×3 Q弹米粉方便面速食懒人美食宵夜,38.80,1274人付款,
http://g-search3.alicdn.com/img/bao/uploaded/i4/i4/436287656/TB17H1xm9zqK1RjSZPxXXc4tVXa_!!0-item_pic.jpg,丫眯鲜花饼云南特产正宗玫瑰饼10枚 好吃的零食小吃美食休闲食品,18.80,20002人付款,
http://g-search3.alicdn.com/img/bao/uploaded/i4/i3/4001685025/O1CN011mzUhkZYkp7qS6w_!!0-item_pic.jpg,四川特产五花腊肉500g农家手工自制柴火烟熏咸肉风干腌肉腊味美食,68.00,168人付款,
http://g-search2.alicdn.com/img/bao/uploaded/i4/i3/3368244743/TB2V4OLwdcnBKNjSZR0XXcFqFXa_!!3368244743-0-item_pic.jpg,聚口福速食食品盖浇饭料理包10款方便菜肴包半成品美食外卖懒人饭,68.00,1435人付款,
http://g-search1.alicdn.com/img/bao/uploaded/i4/i2/2453625574/O1CN011r2w8tFMDvr84lH_!!0-item_pic.jpg,肖三婆冷香鸡翅尖200g*2四川特产私房菜麻辣香辣鸡肉美食风味小吃,44.80,202人付款,
http://g-search3.alicdn.com/img/bao/uploaded/i4/i2/1692258071/O1CN01OejjrP29UZ7U6cCrx_!!0-item_pic.jpg,稻香村糕点礼盒3000g特产小吃点心好吃的零食礼品大礼包传统美食,168.00,1322人付款,
http://g-search3.alicdn.com/img/bao/uploaded/i4/i4/2098979242/TB23c0VdhTpK1RjSZFMXXbG_VXa_!!2098979242-0-item_pic.jpg,正宗江苏南京特产盐水鸭800g整只樱桃谷鸭真空包装金陵夫子庙美食,24.80,2132人付款,
http://g-search1.alicdn.com/img/bao/uploaded/i4/i1/1668473661/TB2mnUuEAKWBuNjy1zjXXcOypXa_!!1668473661-0-item_pic.jpg,宫御坊老北京特产正宗北京烤鸭礼包礼盒送礼传统美食熟食鸭肉食品,58.00,757人付款,
http://g-search3.alicdn.com/img/bao/uploaded/i4/i3/911772588/O1CN011UzLUSdioxVauQw_!!0-item_pic.jpg,嘉华鲜花饼蛋黄酥云南特产大地方藏礼盒装美食休闲零食传统糕点心,56.00,1295人付款,
http://g-search3.alicdn.com/img/bao/uploaded/i4/i4/2928298298/O1CN01stcJfZ2BAX1hqR9ag_!!0-item_pic.jpg,芝片酥正宗安徽特产芝麻薄脆饼干美食糕点心芝麻煎饼传统手工零食,19.90,415人付款,
http://g-search2.alicdn.com/img/bao/uploaded/i4/i1/3713182625/O1CN011VGI8fhhV6RCdrF_!!0-item_pic.jpg,百草味零食大礼包组合休闲小吃散装吃货送女朋友混合装美食一整箱,88.80,2479人付款,
http://g-search2.alicdn.com/img/bao/uploaded/i4/i4/3416988900/O1CN012FcFS8dQoiXzaH1_!!2-item_pic.png,A1蛋黄酥雪媚娘 海鸭蛋网红蛋黄酥 手工特产糕点美食12枚660g,60.00,6人付款,
http://g-search1.alicdn.com/img/bao/uploaded/i4/i4/2874822788/O1CN01Vaaz0S1WSwhmlceLf_!!0-item_pic.jpg,藤桥牌 浙江特产藤桥熏鸡温州特色小吃 休闲美食熟熏鸡净含量400g,45.00,566人付款,
http://g-search1.alicdn.com/img/bao/uploaded/i4/i4/1668473661/O1CN011cumSfDoMKdz08u_!!0-item_pic.jpg,宫御坊老北京特产大礼包京八件礼盒零食小吃美食驴打滚果脯龙须酥,22.80,1708人付款,
http://g-search3.alicdn.com/img/bao/uploaded/i4/i2/2636851900/O1CN011PuEzlyDgErpLU8_!!0-item_pic.jpg,银祥姜母鸭厦门伴手礼卤味鸭肉熟食2斤福建特产美食老生姜小吃,68.80,620人付款,
http://g-search3.alicdn.com/img/bao/uploaded/i4/i1/3472970041/O1CN011CAohX06c85Vxs1_!!0-item_pic.jpg,凉皮速食擀面皮真空袋装陕西特产宝鸡西安岐山汉中小吃名吃美食干,25.80,5146人付款,
http://g-search3.alicdn.com/img/bao/uploaded/i4/i2/2095703462/O1CN011bRddyiaO0Gw4xH_!!0-item_pic.jpg,桂花鸭南京盐水鸭+酱鸭2000g特产正宗美食送礼真空装熟食食品,109.00,691人付款,
http://g-search2.alicdn.com/img/bao/uploaded/i4/i2/2166322558/O1CN01PDTPAo1UlbbejC0Mp_!!0-item_pic.jpg,白家陈记贵州特色花溪牛肉粉260g*3袋方便速食美食细米粉米线,39.90,1590人付款,
http://g-search3.alicdn.com/img/bao/uploaded/i4/i1/2013696569/O1CN011yOeE5ZtA8uad1K_!!0-item_pic.jpg,延禧攻略 网红传统糕点心 荷花酥曲奇饼干礼盒 特产美食零食节日,158.00,602人付款,
http://g-search1.alicdn.com/img/bao/uploaded/i4/i4/1730448043/O1CN0129Hk1qi9vY3NxRF_!!0-item_pic.jpg,廖记棒棒鸡脱骨凤爪两份920g四川特色小吃麻辣香辣鸡爪零食美食,86.90,550人付款,
http://g-search1.alicdn.com/img/bao/uploaded/i4/i1/784116016/O1CN011uJNCAnKdTjpOmZ_!!0-item_pic.jpg,秦之恋襄阳手工锅巴400g*4麻辣味老襄阳特产小吃美食休闲网红零食,24.50,11964人付款,
http://g-search3.alicdn.com/img/bao/uploaded/i4/i1/3063696495/O1CN011xqkv5P9KQjkkxd_!!0-item_pic.jpg,【熙老板网红雪花酥牛扎糖198g*3袋】手工美食糕点心奶芙ins零食,26.50,28483人付款,
http://g-search1.alicdn.com/img/bao/uploaded/i4/i1/2031278649/TB2cvnra5rpK1RjSZFhXXXSdXXa_!!2031278649-0-item_pic.jpg,正宗李村肉脂渣香酥猪油渣五花肉渣肉粕青岛特产美食肉类生酮零食,96.00,725人付款,
http://g-search3.alicdn.com/img/bao/uploaded/i4/i1/628189716/TB1geNQmOrpK1RjSZFhXXXSdXXa_!!0-item_pic.jpg,【百草味-华夫饼1kg】夹心手撕面包早餐食品零食美食小蛋糕,39.90,19483人付款,
http://g-search1.alicdn.com/img/bao/uploaded/i4/imgextra/i4/132437150/TB21nARna6qK1RjSZFmXXX0PFXa_!!0-saturn_solar.jpg,留夫鸭 220g鸭架子鸭锁骨特产零食小吃,23.90,179人付款,
http://g-search1.alicdn.com/img/bao/uploaded/i4/imgextra/i2/29807040/O1CN0121sMm7sKU9Kh54r_!!0-saturn_solar.jpg,达心堂青梅精正品 浓缩青梅汁碱性食品梅精,108.00,92人付款,
http://g-search1.alicdn.com/img/bao/uploaded/i4/imgextra/i1/31234463/TB2yh5WwTqWBKNjSZFxXXcpLpXa_!!0-saturn_solar.jpg,山东特产正宗德州扒鸡肉类五香脱骨熟食卤味,129.00,148人付款,
http://g-search2.alicdn.com/img/bao/uploaded/i4/i3/3522408491/TB2gli5EqSWBuNjSsrbXXa0mVXa_!!3522408491-0-item_pic.jpg,千丝绿豆饼干整箱早餐面包网红零食品成人款小吃蛋糕点心休闲美食,26.80,5134人付款,
http://g-search3.alicdn.com/img/bao/uploaded/i4/i3/190903296/O1CN01oXdBzt1aDbuGWjqKe_!!0-item_pic.jpg,五芳斋绿豆糕伴手礼 桂花糕冰糕点心休闲小吃零食绿豆饼好吃美食,29.90,5569人付款,
http://g-search1.alicdn.com/img/bao/uploaded/i4/i4/2727217070/O1CN012266erChHXxHDWu_!!0-item_pic.jpg,香港珍妮曲奇聪明小熊手工饼干320g/4mix四味礼盒装 香港美食特产,128.00,1376人付款,
http://g-search1.alicdn.com/img/bao/uploaded/i4/i4/2653324232/O1CN01xKtp8C1h8Ice4tBI7_!!0-item_pic.jpg,沈厅 周庄特产沈万三家蹄髈1000g猪蹄酱肘子蹄膀肉类熟食卤味美食,49.80,7174人付款,
http://g-search2.alicdn.com/img/bao/uploaded/i4/i4/2240225493/O1CN011qRq3pZSZyWJTcI_!!0-item_pic.jpg,嘉士利七分堡 鲜蛋糕蒸零食早餐孕妇美食品营养麦香面包糕点整箱,46.80,6281人付款,
http://g-search2.alicdn.com/img/bao/uploaded/i4/i2/1914459560/TB19EoEmQvoK1RjSZFNXXcxMVXa_!!0-item_pic.jpg,【德州扒鸡旗舰店】正宗德州扒鸡扒鸡零食中华美食烧鸡童子鸡600g,39.90,2406人付款,
http://g-search2.alicdn.com/img/bao/uploaded/i4/i3/619123122/TB12SdYmMHqK1RjSZFkXXX.WFXa_!!0-item_pic.jpg,【良品铺子肉松饼380gx2袋】营养早餐食品零食美食小吃休闲散装,32.90,15588人付款,
http://g-search3.alicdn.com/img/bao/uploaded/i4/i4/619123122/TB1uUuPm7voK1RjSZFwXXciCFXa_!!0-item_pic.jpg,【良品铺子猪肉脯200g】肉类零食小吃熟食特产猪肉干休闲食品美食,19.90,109422人付款,
http://g-search3.alicdn.com/img/bao/uploaded/i4/i4/725677994/O1CN01rg8Q6028vIcif40KE_!!0-item_pic.jpg,蜜诺达抹茶蔓越莓西饼238g/盒曲奇饼干零食休闲小吃美食早餐,21.90,8039人付款,
http://g-search1.alicdn.com/img/bao/uploaded/i4/i4/725677994/O1CN0128vIckdTvIO0W06_!!725677994-0-sm.jpg,陈昌银麻花多味陈麻花小辫528g*2重庆特产传统美食混装零食大礼包,45.00,78人付款,
http://g-search3.alicdn.com/img/bao/uploaded/i4/i1/725677994/O1CN0165SonN28vIckSdIgr_!!725677994-0-sm.jpg,良品铺子中式糕饼蛋黄酥100gx2袋手工点心零食特产美食小吃2倍购,29.90,506人付款,
http://g-search2.alicdn.com/img/bao/uploaded/i4/i1/725677994/O1CN01kTecDD28vIciS3T5t_!!0-item_pic.jpg,蜜诺达摩卡巧克力杏仁西饼90g/盒曲奇饼干零食休闲小吃美食早餐,10.90,465人付款,
http://g-search3.alicdn.com/img/bao/uploaded/i4/i1/725677994/O1CN01je5cQS28vIckAvWe9_!!0-item_pic.jpg,蜜诺达蔓越莓西饼300g/盒曲奇饼干零食休闲小吃美食批发整箱早餐,39.80,14614人付款,
http://g-search1.alicdn.com/img/bao/uploaded/i4/i2/3017400344/O1CN011EPaibV6RuCRISZ_!!0-item_pic.jpg,好欢螺螺蛳粉柳州螺狮粉特产美食速食螺丝粉300g*10袋包邮礼盒装,129.00,3046人付款,
http://g-search1.alicdn.com/img/bao/uploaded/i4/i1/3282604381/O1CN01NSLCVD1iEXdZdTneH_!!0-item_pic.jpg,轩妈家蛋黄酥20g*8枚/盒 红豆味迷你mini儿童蛋黄酥糕点点心美食,33.00,717人付款,
http://g-search1.alicdn.com/img/bao/uploaded/i4/i2/3017400344/O1CN011EPaic7xucT3K5A_!!0-item_pic.jpg,【新品小龙虾味】好欢螺螺蛳粉柳州特产美食螺狮粉320gx5袋螺丝粉,69.50,3463人付款,
http://g-search3.alicdn.com/img/bao/uploaded/i4/i1/3282604381/O1CN011jbXB41iEXdbDmUEV_!!0-item_pic.jpg,轩妈家蛋黄酥 4种口味混合组合装糕点点心美食早餐点心零食小吃,65.80,8423人付款,
http://g-search1.alicdn.com/img/bao/uploaded/i4/i3/880734502/TB1Gzh8mVzqK1RjSZSgXXcpAVXa_!!0-item_pic.jpg,【三只松鼠_猪肉脯210g】休闲小吃网红肉脯零食特产美食靖江风味,19.90,185660人付款,
http://g-search2.alicdn.com/img/bao/uploaded/i4/i1/1668473661/O1CN011cumSfSaa0Ti8dM_!!0-item_pic.jpg,宫御坊老北京特产手工龙须酥正宗龙须糖美食品糕点心酥糖零食小吃,18.80,3971人付款,
http://g-search2.alicdn.com/img/bao/uploaded/i4/i2/880734502/O1CN011j7xYYBVCbL3coi_!!0-item_pic.jpg,双11预售【三只松鼠_豆干大礼包6袋装/1030g】零食美食美味特产,59.90,4人付款,
http://g-search3.alicdn.com/img/bao/uploaded/i4/i1/2095703462/O1CN011bRdeTCN1KpUqvy_!!0-item_pic.jpg,桂花鸭南京特产盐水鸭正宗真空板鸭美食零食中秋熟食品咸水鸭送礼,66.00,847人付款,
http://g-search2.alicdn.com/img/bao/uploaded/i4/i2/3848240093/O1CN011CYdIripWUqtg97_!!0-item_pic.jpg,杨震金牌鸭王南京美食水西门正宗特产烤鸭整只即食1400g顺丰包邮,68.00,396人付款,
http://g-search2.alicdn.com/img/bao/uploaded/i4/i1/1710666191/O1CN01qJaWcw1vbWW72KuPX_!!0-item_pic.jpg,松鼠网红小吃货零食大礼包组合整箱超大混装好吃不贵的坚果美食女,29.80,2692人付款,
http://g-search3.alicdn.com/img/bao/uploaded/i4/i1/2256564658/O1CN011kHPLYsPeR9S5NZ_!!0-item_pic.jpg,绝艺香辣猪脆骨小吃美食成人款休闲食品下酒菜宿舍好吃的小零食女,28.80,7250人付款,
http://g-search3.alicdn.com/img/bao/uploaded/i4/i1/1719214398/O1CN011iMKMwhbE5iMJo2_!!0-item_pic.jpg,沈大成糕点桂花拉糕 上海特产老字号 传统糯米糕点心 网红美食,29.90,5835人付款,
http://g-search3.alicdn.com/img/bao/uploaded/i4/i4/1848622920/O1CN011XROz6BttNyaUNu_!!0-item_pic.jpg,杨大爷五花腊肉500g四川美食特产腊肉农家自制烟熏咸肉柴火腊肉,45.00,3109人付款,
http://g-search2.alicdn.com/img/bao/uploaded/i4/i4/776443145/TB1hKI1ayrpK1RjSZFhXXXSdXXa_!!0-item_pic.jpg,双鱼猪肉脯400克靖江特产猪肉铺金奖猪肉干自然片老字号中华美食,56.00,2347人付款,
http://g-search1.alicdn.com/img/bao/uploaded/i4/i4/3243356429/TB2eCqLzyCYBuNkHFCcXXcHtVXa_!!3243356429-0-item_pic.jpg,ABD丹麦手撕软面包鲜面包1Kg整箱营养早餐食品糕点美食零食批发,24.90,62262人付款,
http://g-search3.alicdn.com/img/bao/uploaded/i4/i4/1692258071/O1CN01v2EZBM29UZ7QPaQba_!!0-item_pic.jpg,稻香村牛舌饼360G*2 好吃的传统特产特色糕点心酥皮美食小吃零食,35.90,2454人付款,
http://g-search1.alicdn.com/img/bao/uploaded/i4/i3/1720086049/O1CN011uYUGRMKtBOeil3_!!2-item_pic.png,赵老师麻饼700g*2袋四川特产早餐美食休闲零食品传统手工糕点饼干,34.90,2656人付款,
http://g-search3.alicdn.com/img/bao/uploaded/i4/i4/2928873800/O1CN011dwRWJb8JvvWKxa_!!0-item_pic.jpg,花满楼鲜花饼新鲜现烤玫瑰饼云南美食特产早餐糕点 满3件发顺丰,36.00,2269人付款,
http://g-search3.alicdn.com/img/bao/uploaded/i4/i3/736064771/O1CN01yk2EB61l7A6M4fMzZ_!!0-item_pic.jpg,酱牛肉美食熟食菜零食大礼包五香黄牛肉卤牛肉腱子肉百家兴四大袋,79.80,1253人付款,
http://g-search1.alicdn.com/img/bao/uploaded/i4/i3/2455221099/O1CN01zV5wcz1JzNkTElPyr_!!0-item_pic.jpg,好利来玫瑰蛋黄酥糕点点心零食小吃美食,92.00,1366人付款,
http://g-search1.alicdn.com/img/bao/uploaded/i4/i4/1627365099/O1CN011nXO0s6ldqWCC9X_!!0-item_pic.jpg,樱桃盐水鸭南京特产咸水鸭卤味熟食正宗江苏美食咸板鸭肉类零食品,29.90,2193人付款,
http://g-search1.alicdn.com/img/bao/uploaded/i4/i3/2074610218/TB1uFFMaCMmBKNjSZTEXXasKpXa_!!0-item_pic.jpg,一生缘手磨豆干1000g散装零食麻辣条豆腐干休闲小吃重庆特色美食,29.80,820人付款,
http://g-search3.alicdn.com/img/bao/uploaded/i4/i1/1791258654/O1CN012Dna1eMizsp2Cgz_!!0-item_pic.jpg,友臣肉松饼2.5斤装整箱闽台美味早餐面包糕点美食小吃点心零食品,40.90,3104人付款,
http://g-search1.alicdn.com/img/bao/uploaded/i4/i2/1692258071/O1CN0129UZ7DXoZvcRdci_!!0-item_pic.jpg,【预售】稻香村糕点礼盒3000g特产小吃点心好吃的零食传统美食,129.00,0人付款,
http://g-search1.alicdn.com/img/bao/uploaded/i4/i2/TB1phpPGpXXXXaPXVXXXXXXXXXX_!!0-item_pic.jpg,【振城旗舰店】盐焗鸡翅中鸡亦梅州客家特产休闲食品零食吃美食卤,28.00,446人付款,
http://g-search1.alicdn.com/img/bao/uploaded/i4/i1/884012584/O1CN011UxVtqocmkgH8DY_!!0-item_pic.jpg,盼盼肉松饼整箱 早餐糕点小吃面包美食零食食品批发2100g,66.80,395人付款,
http://g-search2.alicdn.com/img/bao/uploaded/i4/i1/2056495299/TB1iLsAmSzqK1RjSZFpXXakSXXa_!!0-item_pic.jpg,你好成功蜜汁鸡翅福鼎特产美食肉类零食大礼包卤味熟食小吃真空装,49.50,333人付款,
http://g-search3.alicdn.com/img/bao/uploaded/i4/i2/2891702599/TB25Gu1wZyYBuNkSnfoXXcWgVXa_!!2891702599-0-item_pic.jpg,老杭邦龙井酥5口味套装 杭州特产特色美食杭州茶食龙井茶酥实惠装,125.00,289人付款,
http://g-search1.alicdn.com/img/bao/uploaded/i4/imgextra/i4/95948676/TB2IdzpcnnI8KJjSszbXXb4KFXa_!!0-saturn_solar.jpg,小吃零食 休闲食品 成人款 月饼 月饼 月饼,32.80,4606人付款,
http://g-search1.alicdn.com/img/bao/uploaded/i4/imgextra/i3/124438259/O1CN012AsfZlZvYIZcIKv_!!0-saturn_solar.jpg,蜀老汉自贡冷吃兔四川特产香辣私房菜小吃零,21.90,3805人付款,
http://g-search1.alicdn.com/img/bao/uploaded/i4/imgextra/i2/45301793/TB2Cs1NuRjTBKNjSZFDXXbVgVXa_!!0-saturn_solar.jpg,四川糕点零食芝麻老式椒盐饼月饼大小汤麻饼,34.90,2656人付款,
http://g-search1.alicdn.com/img/bao/uploaded/i4/i4/688011073/O1CN01mnngEw1JnTS57x9lQ_!!0-item_pic.jpg,萨啦咪 网红小吃肉类零食大礼包特产小吃办公室休闲美食混合226克,39.90,908人付款,
http://g-search1.alicdn.com/img/bao/uploaded/i4/i4/3236993427/TB2e1H4cVzqK1RjSZFzXXXjrpXa_!!3236993427-0-item_pic.jpg,诱见雪花酥糕点礼盒装饼干坚果抹茶草莓网红零食手工自制ins美食,39.90,2019人付款,
http://g-search2.alicdn.com/img/bao/uploaded/i4/i4/628189716/TB1PwFZm9zqK1RjSZFHXXb3CpXa_!!0-item_pic.jpg,【百草味-精制猪肉脯200gx2袋】靖江肉干肉片 零食肉类小吃美食,37.90,1113人付款,
http://g-search3.alicdn.com/img/bao/uploaded/i4/i2/475325704/O1CN011s0Tcz2qjpjGNF2_!!0-item_pic.jpg,知味观桂花糕 杭州传统特产糕点好吃的茶点心零食美食吃货小吃,27.90,4026人付款,
http://g-search3.alicdn.com/img/bao/uploaded/i4/i4/628189716/O1CN012Ldye2ZfOMByN0g_!!0-item_pic.jpg,预售【百草味-蛋黄酥50gx8只】网红零食小吃手工糕点美食雪媚娘,59.00,0人付款,
http://g-search2.alicdn.com/img/bao/uploaded/i4/i4/2453285401/O1CN011plhcghAZRq9HvU_!!0-item_pic.jpg,美食宣城特产鸭脚包腊鸭掌鸭爪翅30只三宝套餐特产零食小吃鸭爪,37.80,333人付款,
http://g-search1.alicdn.com/img/bao/uploaded/i4/i1/3457957277/O1CN0123cudY5PGny7AgF_!!0-item_pic.jpg,红豆饼馅饼 厦门特产零食糕点小吃美食 台湾风味点心休闲糕点320g,36.80,40人付款,
http://g-search3.alicdn.com/img/bao/uploaded/i4/i3/1683056196/O1CN011vdoUUEVzcFtUse_!!0-item_pic.jpg,爱达乐蛋黄酥红豆味雪媚娘麻薯网红美食新鲜早餐零食手工糕点点心,64.00,168人付款,
http://g-search1.alicdn.com/img/bao/uploaded/i4/i2/1730448043/O1CN0129Hk1pQ0M15JGlu_!!0-item_pic.jpg,廖记棒棒鸡+兔丁+无骨凤爪抖音网红美食保鲜1400g凉拌私房菜零食,132.00,187人付款,
http://g-search3.alicdn.com/img/bao/uploaded/i4/i2/436287656/TB1UReGmW6qK1RjSZFmXXX0PFXa_!!0-item_pic.jpg,丫眯玫瑰鲜花饼正宗云南特产 好吃的零食小吃美食休闲食品成人款,37.60,3494人付款,
http://g-search3.alicdn.com/img/bao/uploaded/i4/i1/2081447352/O1CN011htnPt24BGLhTNkCv_!!2081447352.jpg,无穷烤鸡小腿20只260g办公室蜂蜜味香辣味鸡腿鸡肉美食零食品小吃,24.90,996人付款,
http://g-search2.alicdn.com/img/bao/uploaded/i4/i1/3083026886/TB1DfBDm9zqK1RjSZFHXXb3CpXa_!!0-item_pic.jpg,沈万三 周庄特产美食沈万三蹄猪蹄髈猪肘酱肘子1000克肉类熟食,39.80,1319人付款,
http://g-search2.alicdn.com/img/bao/uploaded/i4/i2/3039227088/O1CN0122ELmnsQz00yFUp_!!0-item_pic.jpg,大观达利鲜花饼云南特产伴手礼盒玫瑰花饼10枚传统手工糕点零美食,28.90,2337人付款,
http://g-search1.alicdn.com/img/bao/uploaded/i4/i3/2184754624/O1CN011k1pscbQX4DtiM2_!!0-item_pic.jpg,抖音美食麻辣多拿清油味自煮火锅自热小火锅速食荤菜版活动款456g,39.80,24人付款,
http://g-search1.alicdn.com/img/bao/uploaded/i4/i4/2363417602/TB2RH7Zt_qWBKNjSZFAXXanSpXa_!!2363417602-0-item_pic.jpg,永祥和闻喜煮饼418g*2盒装山西特产传统美食休闲零食品糕点心包邮,34.90,213人付款,
http://g-search1.alicdn.com/img/bao/uploaded/i4/i1/2452423346/O1CN011aaVhxJnLbi4KWJ_!!0-item_pic.jpg,韩复兴精品盐水鸭1kg+酱鸭1kg正宗江苏南京特产美食零食老字号,143.00,280人付款,
http://g-search2.alicdn.com/img/bao/uploaded/i4/i3/475325704/O1CN011s0Tcv8hEBuVX80_!!0-item_pic.jpg,知味观绿豆糕多口味6盒美食 好吃的休闲食品成人款零食杭州小吃,95.00,18人付款,
http://g-search3.alicdn.com/img/bao/uploaded/i4/i3/2176985097/O1CN017m279X1nWTDh5QqU6_!!0-item_pic.jpg,南萃坊流心蛋黄饼20个800克传统糕点办公室网红零食小吃美食整箱,32.80,4606人付款,
http://g-search3.alicdn.com/img/bao/uploaded/i4/i3/619123122/O1CN011YvuzH0JnJGYNbi_!!0-item_pic.jpg,【预售】良品铺子零食大礼包抖音网红小吃整箱混装美食批发3380g,179.00,0人付款,
http://g-search1.alicdn.com/img/bao/uploaded/i4/i3/619123122/O1CN011YvuzEN0eCSUkNz_!!0-item_pic.jpg,【预售】良品铺子梆梆梆超干牛肉100gx2罐零食休闲食品小吃美食,79.90,0人付款,
http://g-search1.alicdn.com/img/bao/uploaded/i4/i1/725677994/O1CN0128vIckEL7l8eGJw_!!725677994-0-sm.jpg,葡记 肉松饼1000g零食小吃早餐糕点整箱面包办公室美食,27.60,785人付款,
http://g-search3.alicdn.com/img/bao/uploaded/i4/i3/725677994/O1CN01dbhUkP28vIckdqkYF_!!725677994-0-sm.jpg,童记三利和1268g鸭腿鸭脖鱼仔豆干鱼干湖南特产美食小吃零食礼包,116.00,55人付款,
http://g-search2.alicdn.com/img/bao/uploaded/i4/i1/725677994/O1CN0128vIcYnO3QcJGIZ_!!725677994-0-sm.jpg,上好旺香酥麻花+红糖小麻花500g*2办公室美食零食独立小包整箱,31.80,408人付款,
http://g-search1.alicdn.com/img/bao/uploaded/i4/i4/725677994/O1CN01iRuaFw28vIcjMcyTA_!!0-item_pic.jpg,【2袋装】两口子肉松饼480g*2 美食即食特产糕点 早餐零食点心,33.60,43人付款,
http://g-search3.alicdn.com/img/bao/uploaded/i4/i1/725677994/O1CN01w1Kw9k28vIchqBpju_!!0-item_pic.jpg,良品铺子肉松饼380g传统糕点特产美食小吃零食点心,25.00,17982人付款,
http://g-search3.alicdn.com/img/bao/uploaded/i4/i1/3282604381/O1CN011iEXdWgkFNljZKK_!!0-item_pic.jpg,轩妈家奶心椰蓉酥55g*6枚装 酥糕点点心美食早餐休闲零食,55.80,732人付款,
http://g-search2.alicdn.com/img/bao/uploaded/i4/i1/3282604381/O1CN01Ux3CMV1iEXdaalxW4_!!0-item_pic.jpg,轩妈家奶酪蔓越莓酥55g*4枚 蔓越莓网红糕点点心美食早餐零食,51.80,363人付款,
http://g-search1.alicdn.com/img/bao/uploaded/i4/i1/3017400344/O1CN011EPaicrJFC5RuAB_!!0-item_pic.jpg,【旗舰店】好欢螺螺蛳粉柳州美食特产螺丝粉400g*5袋螺狮粉包邮,74.50,1983人付款,
http://g-search3.alicdn.com/img/bao/uploaded/i4/i1/880734502/O1CN01ms96bw1j7xYlfaIcy_!!0-item_pic.jpg,【三只松鼠_夹心麻薯210gx3】糕点点心美食早餐零食干吃汤圆,34.90,1211人付款,
http://g-search2.alicdn.com/img/bao/uploaded/i4/i2/3017400344/O1CN011EPaid2eDFXrbKg_!!0-item_pic.jpg,【旗舰店】好欢螺螺蛳粉柳州美食特产螺狮粉400g*3袋螺丝粉包邮,44.70,5452人付款,
http://g-search3.alicdn.com/img/bao/uploaded/i4/i2/1692258071/O1CN0129UZ7Q9kYhEcxR6_!!0-item_pic.jpg,稻香村芝麻瓦片450g好吃传统糕点点心饼干休闲零食品美食特产小吃,29.90,970人付款,
http://g-search3.alicdn.com/img/bao/uploaded/i4/i4/1692258071/TB2ljyYxRmWBuNkSndVXXcsApXa_!!1692258071-0-item_pic.jpg,稻香村奶酪包乳酪包120g*4早餐面包甜点网红奶酪包美食糕点点心,59.00,309人付款,
http://g-search1.alicdn.com/img/bao/uploaded/i4/i1/628189716/O1CN01deLI9d2Ldye9j0PBx_!!0-item_pic.jpg,预售【百草味-果木炭火猪肉脯210g】零食小吃肉干烤肉片网红美食,50.00,0人付款,
http://g-search2.alicdn.com/img/bao/uploaded/i4/i4/880734502/O1CN01DtuNud1j7xYqiKeAV_!!0-item_pic.jpg,【三只松鼠_蔓越莓曲奇饼干260g】办公室代餐零食早餐手工美食,18.90,41428人付款,
http://g-search3.alicdn.com/img/bao/uploaded/i4/i4/4006792301/TB2h2idXZbpK1RjSZFyXXX_qFXa_!!4006792301-0-item_pic.jpg,卫龙大面筋112g*5包辣条麻辣片经典零食麻辣休闲小吃怀旧美食包邮,22.60,125人付款,
http://g-search1.alicdn.com/img/bao/uploaded/i4/i1/628189716/O1CN012Ldye2KrHOI4Cih_!!0-item_pic.jpg,预售【百草味-肉松饼1kgx2箱】网红休闲零食特色小吃美食点心传统,79.00,7人付款,
http://g-search3.alicdn.com/img/bao/uploaded/i4/i4/2452740361/O1CN01Fq3eCP1EXNS9XCA3C_!!0-item_pic.jpg,五香酱牛肉黄牛肉卤牛肉腱子江苏常州特产百家兴出游美食熟食凉拌,79.90,616人付款,
http://g-search1.alicdn.com/img/bao/uploaded/i4/i2/2653324232/O1CN011h8Ice7FC5xN2Wi_!!0-item_pic.jpg,沈厅 猪尾巴250g肉类卤味熟食即食猪尾 休闲零食品特产小吃美食,35.80,22人付款,
http://g-search3.alicdn.com/img/bao/uploaded/i4/i1/392147177/TB1vMIKnkvoK1RjSZFwXXciCFXa_!!0-item_pic.jpg,【周黑鸭】甜辣礼盒 五种美食 武汉特产礼盒零食大礼包小吃 包邮,53.80,279人付款,
http://g-search3.alicdn.com/img/bao/uploaded/i4/i4/2081447352/O1CN01QY5QbE24BGLgSyJHv_!!2081447352.jpg,无穷盐焗鸡蛋600g/20个装广东美食早餐卤蛋鸡蛋休闲零食品小吃,39.80,676人付款,
http://g-search2.alicdn.com/img/bao/uploaded/i4/i4/1050175285/O1CN01BHLPJS1ouZgH69RKR_!!0-item_pic.jpg,陈昌银麻花400g*4袋重庆磁器口陈麻花传统美食小吃麻花零食,46.80,879人付款,
http://g-search1.alicdn.com/img/bao/uploaded/i4/imgextra/i4/34873419/TB2_0zEwQOWBuNjSsppXXXPgpXa_!!0-saturn_solar.jpg,齐善素食品 仿荤素食品免邮费食品 齐善素,10.00,66人付款,
http://g-search1.alicdn.com/img/bao/uploaded/i4/imgextra/i1/128343540/O1CN011c1MXihetotDdlQ_!!0-saturn_solar.jpg,228gx5袋羊杂汤羊汤羊杂碎羊肉汤即食,36.90,117人付款,
http://g-search1.alicdn.com/img/bao/uploaded/i4/imgextra/i1/115350302679786814/TB2MCNSX5GO.eBjSZFpXXb3tFXa_!!0-saturn_solar.jpg,中国青梅之乡 青梅丸60g 青梅精 强碱性食品,96.00,50人付款,
http://g-search3.alicdn.com/img/bao/uploaded/i4/i2/2426328732/O1CN012ENIug4fHkssesA_!!0-item_pic.jpg,麻辣鸡翅尖80只咚咚香辣肉类即食零食美食小吃休闲食品成人款整箱,19.90,1608人付款,
http://g-search2.alicdn.com/img/bao/uploaded/i4/i4/3299074825/TB2S4hWdbrpK1RjSZTEXXcWAVXa_!!3299074825-0-item_pic.jpg,安徽特产黄山烧饼梅干菜网红零食小吃梅菜扣肉饼美食糕点点心60个,21.90,8945人付款,
http://g-search3.alicdn.com/img/bao/uploaded/i4/i3/1719214398/O1CN011iMKMvqMcefVZr8_!!0-item_pic.jpg,沈大成上海特产龙须酥礼盒传统糕点零食龙须酥糖食品450G网红美食,35.00,1420人付款,
http://g-search3.alicdn.com/img/bao/uploaded/i4/i4/1802208917/O1CN01jFgfiX2Fk2BwX7gcd_!!0-item_pic.jpg,奇圣牛肉干手撕牦牛肉干 西藏美食 风干牛肉 麻辣五香零食肉干,38.90,4046人付款,
http://g-search3.alicdn.com/img/bao/uploaded/i4/i4/3088516040/O1CN01wya3Pv1uUMi2jORzS_!!0-item_pic.jpg,网红生日节日礼物果冻鸭脖麻辣零食大礼包整箱美食混合装,99.00,10人付款,
http://g-search1.alicdn.com/img/bao/uploaded/i4/i1/1910096177/TB1yc77mQvoK1RjSZFDXXXY3pXa_!!0-item_pic.jpg,龙旺红糖糍粑 纯黑糖手工四川特产成都小吃特色重庆美食糯米糍粑,35.80,2061人付款,
http://g-search3.alicdn.com/img/bao/uploaded/i4/i3/TB1cvtKJXXXXXXAaXXXXXXXXXXX_!!0-item_pic.jpg,大红门老北京蒜肠245g*5根 大香肠 火腿肠特产好吃的风味美食小吃,55.00,304人付款,
http://g-search3.alicdn.com/img/bao/uploaded/i4/i2/3930248714/TB20NYQrWSWBuNjSsrbXXa0mVXa_!!3930248714-0-item_pic.jpg,传统工艺美食宝应莲藕桂花蜜汁糯米藕500g*3袋真空熟食菜肴糖藕,28.70,742人付款,
http://g-search3.alicdn.com/img/bao/uploaded/i4/i4/681185851/O1CN011t5nqv0wfehwkHu_!!0-item_pic.jpg,轩妈家蛋黄酥55g*6枚/盒手工雪媚娘麻薯糕点美食早餐网红零食小吃,45.00,2829人付款,
http://g-search3.alicdn.com/img/bao/uploaded/i4/i2/3416988900/O1CN012FcFSOYdfhoqFtH_!!0-item_pic.jpg,a1手工蛋黄酥雪媚娘麻薯55g*6枚/盒传统糕点美食网红零食小吃特产,44.90,5474人付款,
http://g-search2.alicdn.com/img/bao/uploaded/i4/i1/1919630388/O1CN01hktgeJ1Ejk9Af4WRn_!!0-item_pic.jpg,麦吉士鲜蛋糕蒸零食早餐孕妇美食品营养全麦面包糕点整箱批发小吃,54.90,3000人付款,
http://g-search1.alicdn.com/img/bao/uploaded/i4/i3/2765163335/O1CN011aVTLNRU14yeeZn_!!0-item_pic.jpg,状圆紫薯夹心小面包550g整箱手撕面包蛋糕点心健康早餐美食零食品,9.90,11988人付款,
http://g-search1.alicdn.com/img/bao/uploaded/i4/i1/190903296/O1CN011aDbuAlTAD5U2Z3_!!0-item_pic.jpg,五芳斋绿豆糕2盒装糕点心休闲零食美食小吃手工绿豆饼冰糕好吃,59.90,271人付款,
http://g-search3.alicdn.com/img/bao/uploaded/i4/i1/911772588/O1CN011UzLUSdyw1C3UOb_!!0-item_pic.jpg,嘉华鲜花饼旗舰店云南特产蛋黄酥礼袋*2早餐美食烘焙零食小吃糕点,78.00,219人付款,
http://g-search2.alicdn.com/img/bao/uploaded/i4/i3/3035361594/O1CN011Ne5n0BpZGduCgg_!!3035361594.png,爱民螺蛳粉6袋礼盒方便速食香辣螺丝粉广西特产柳州美食螺狮粉,72.00,424人付款,
http://g-search2.alicdn.com/img/bao/uploaded/i4/i2/2112833578/TB1cd1Jm7voK1RjSZFDXXXY3pXa_!!0-item_pic.jpg,港荣芝士蒸蛋糕零食糕点早餐小面包整箱 办公室休闲食品美食点心,42.90,12126人付款,
http://g-search2.alicdn.com/img/bao/uploaded/i4/i1/1848622920/O1CN011XROypFxS0fXGpL_!!0-item_pic.jpg,杨大爷五花腊肉500gX3四川特产美食柴火腊肉川味农家自制烟熏咸肉,99.00,6人付款,
http://g-search1.alicdn.com/img/bao/uploaded/i4/i3/2451846249/TB1OCcdalsmBKNjSZFFXXcT9VXa_!!0-item_pic.jpg,茯苓夹饼500g领格食品北京特产小吃传统糕点零食水果味茯苓饼美食,18.80,1126人付款,
http://g-search2.alicdn.com/img/bao/uploaded/i4/i3/3243038203/O1CN01l5yuEi2AT1OxKyZP0_!!0-item_pic.jpg,德辉小酥饼梅干菜肉金华黄山烧饼小吃浙江特产美食点心零食一口酥,28.90,15730人付款,
http://g-search3.alicdn.com/img/bao/uploaded/i4/i4/748771569/TB1Q42Nm3DqK1RjSZSyXXaxEVXa_!!0-item_pic.jpg,每天有面包 坚果夹心吐司面包列巴早餐营养糕点美食网红零食整箱,32.80,1619人付款,
http://g-search1.alicdn.com/img/bao/uploaded/i4/i1/1719214398/O1CN011iMKMkXcN6l3pea_!!0-item_pic.jpg,沈大成糕点桂花拉糕3盒组合 上海特产传统糯米糕点心 网红美食,79.00,87人付款,
http://g-search3.alicdn.com/img/bao/uploaded/i4/i1/732501769/O1CN011OwF76FD2nFkmgY_!!0-item_pic.jpg,来伊份肉松饼228gx2传统糕点点心肉松面包早餐零食美食小吃食品,27.90,2116人付款,
http://g-search2.alicdn.com/img/bao/uploaded/i4/i1/2453285401/TB1VlXtm5rpK1RjSZFhXXXSdXXa_!!0-item_pic.jpg,百家兴五香酱牛肉猪腱子肉大块卤味牛肉江苏下酒菜美食熟食大礼包,79.90,586人付款,
http://g-search3.alicdn.com/img/bao/uploaded/i4/i3/1848622920/O1CN011XROyo4CeLZdmPH_!!0-item_pic.jpg,杨大爷彭州九尺板鸭1000g 四川特产 成都特色美食即食熟酱卤板鸭,52.00,33人付款,
http://g-search2.alicdn.com/img/bao/uploaded/i4/i4/2928298298/O1CN012BAX1f8gU7En4MI_!!0-item_pic.jpg,徽墨酥正宗黄山特产美食糕点心安徽墨子酥传统手工零食黑芝麻酥糖,19.90,86人付款,
http://g-search3.alicdn.com/img/bao/uploaded/i4/i1/350992675/O1CN011VdBwZ214Py8s43_!!0-item_pic.jpg,蒙都清真手撕风干牛肉干 内蒙古风味小吃 草原风干牛肉干美食小吃,79.00,163人付款,
http://g-search1.alicdn.com/img/bao/uploaded/i4/i4/2446642632/O1CN01J2cZWF1VJUv0EBMHh_!!0-item_pic.jpg,百草味零食大礼包组合小吃美食混合装散装好吃的休闲食品店一整箱,59.80,776人付款,
http://g-search3.alicdn.com/img/bao/uploaded/i4/i2/2933608632/O1CN012DdVJQ76bCdL8VU_!!0-item_pic.jpg,辉煌龙须酥250g 四川特产美食小吃零食传统糕点点心,13.50,3883人付款,
http://g-search3.alicdn.com/img/bao/uploaded/i4/i4/3417098543/TB1kGt7mSzqK1RjSZPxXXc4tVXa_!!0-item_pic.jpg,螺蛳粉两包柳州家柳广西螺丝粉正宗包邮螺狮美食微辣麻辣味300g,14.90,31003人付款,
http://g-search2.alicdn.com/img/bao/uploaded/i4/i2/911772588/O1CN011UzLUSfmZcn3wMo_!!0-item_pic.jpg,嘉华鲜花饼旗舰店云南特产紫薯玫瑰饼休闲早餐美食手工传统糕点心,32.00,2051人付款,
http://g-search3.alicdn.com/img/bao/uploaded/i4/i2/619123122/O1CN01yIWWZ91YvuzUliPSW_!!0-item_pic.jpg,良品铺子零食大礼包抖音网红小吃整箱混装美食批发3380g,235.00,8人付款,
http://g-search1.alicdn.com/img/bao/uploaded/i4/i3/619123122/TB1EwzamSzqK1RjSZPxXXc4tVXa_!!0-item_pic.jpg,良品铺子牛肚五香麻辣味零食小吃香辣味特产美食卤味袋装休闲食品,39.90,655人付款,
http://g-search3.alicdn.com/img/bao/uploaded/i4/i3/725677994/O1CN0128vIcj0RFQRiixe_!!0-item_pic.jpg,锦城记三大炮黑糖玫瑰272g网红成都特产糕点美食四川休闲小零食,24.90,5173人付款,
http://g-search3.alicdn.com/img/bao/uploaded/i4/i1/725677994/O1CN01WUGQCV28vIciqiqpo_!!725677994-0-sm.jpg,童记三利和鸭腿鸭脖小鱼干豆干826g零食礼包美食小吃零食湖南特产,91.00,61人付款,
http://g-search3.alicdn.com/img/bao/uploaded/i4/i2/725677994/O1CN0128vIcbW9S8lNyT0_!!725677994-0-sm.jpg,爱尝福建特产肉干卤味龙岩泡爽鸭爪原味280g/盒客家美食鸭掌脖翅,29.90,217人付款,
http://g-search1.alicdn.com/img/bao/uploaded/i4/i3/725677994/O1CN0128vIcbolEacRO5J_!!725677994-0-sm.jpg,御食园驴打滚250g麻薯早餐糕点小吃美食北京特产零食品,24.80,255人付款,
http://g-search2.alicdn.com/img/bao/uploaded/i4/i2/725677994/O1CN0128vIcjg7L0pzDcw_!!0-item_pic.jpg,乖媳妇泡椒凤爪山椒鸡肉类零食麻辣258g重庆特产美食小吃香辣鸡爪,15.80,786人付款,
http://g-search2.alicdn.com/img/bao/uploaded/i4/i3/3282604381/O1CN01IBTwk01iEXdcYbTrW_!!0-item_pic.jpg,轩妈抹茶蜜豆酥55g*4枚 抹茶网红糕点点心美食早餐零食,51.80,208人付款,
http://g-search3.alicdn.com/img/bao/uploaded/i4/i2/3282604381/O1CN011iEXdWOjWTM5yt9_!!0-item_pic.jpg,轩妈家香芋酥32g*10枚 糕点点心美食早餐休闲零食,55.80,135人付款,
http://g-search1.alicdn.com/img/bao/uploaded/i4/imgextra/i2/29807040/O1CN01mDWSOg21sMm7sUUGS_!!0-saturn_solar.jpg,买3送1 达心堂青梅精正品 浓缩青梅锭青,129.00,38人付款,
http://g-search3.alicdn.com/img/bao/uploaded/i4/i1/725677994/O1CN019Khj0y28vIcjDq6wm_!!0-item_pic.jpg,百草味 华夫饼手撕夹心面包800g 早餐食品零食美食小吃,39.90,6974人付款,
http://g-search2.alicdn.com/img/bao/uploaded/i4/i2/2640424710/O1CN01lsjTxA1kfDwY4hqzH_!!0-item_pic.jpg,上好旺金华小酥饼梅干菜肉黄山烧饼特产糕点心正宗美食小吃零食品,26.90,29705人付款,
http://g-search3.alicdn.com/img/bao/uploaded/i4/i1/619123122/O1CN011YvuzVS15kNjDuL_!!0-item_pic.jpg,良品铺子零食大礼包网红小吃吃货一箱组合女整箱混装小食品美食男,64.90,171193人付款,
http://g-search2.alicdn.com/img/bao/uploaded/i4/i3/619123122/O1CN011YvuzH0JnJGYNbi_!!0-item_pic.jpg,【预售】良品铺子零食大礼包抖音网红小吃整箱混装美食批发3380g,179.00,0人付款,
http://g-search2.alicdn.com/img/bao/uploaded/i4/i1/725677994/O1CN01w1Kw9k28vIchqBpju_!!0-item_pic.jpg,良品铺子肉松饼380g传统糕点特产美食小吃零食点心,25.00,17982人付款,
http://g-search3.alicdn.com/img/bao/uploaded/i4/i3/725677994/O1CN0128vIcigXVPWVkns_!!0-item_pic.jpg,三只松鼠 肉松饼456g传统糕点早餐点心办公室美食,26.90,80391人付款,
http://g-search1.alicdn.com/img/bao/uploaded/i4/imgextra/i2/29807040/O1CN01mDWSOg21sMm7sUUGS_!!0-saturn_solar.jpg,买3送1 达心堂青梅精正品 浓缩青梅锭青,129.00,38人付款,达心堂旗舰店
http://g-search3.alicdn.com/img/bao/uploaded/i4/i1/725677994/O1CN019Khj0y28vIcjDq6wm_!!0-item_pic.jpg,百草味 华夫饼手撕夹心面包800g 早餐食品零食美食小吃,39.90,6974人付款,天猫超市
http://g-search3.alicdn.com/img/bao/uploaded/i4/i2/2640424710/O1CN01lsjTxA1kfDwY4hqzH_!!0-item_pic.jpg,上好旺金华小酥饼梅干菜肉黄山烧饼特产糕点心正宗美食小吃零食品,26.90,29705人付款,上好旺旗舰店
http://g-search1.alicdn.com/img/bao/uploaded/i4/i1/619123122/O1CN011YvuzVS15kNjDuL_!!0-item_pic.jpg,良品铺子零食大礼包网红小吃吃货一箱组合女整箱混装小食品美食男,64.90,171193人付款,良品铺子旗舰店
http://g-search2.alicdn.com/img/bao/uploaded/i4/i3/619123122/TB18uYymNjaK1RjSZKzXXXVwXXa_!!0-item_pic.jpg,良品铺子甜辣鸭掌卤味真空美食小吃特产零食熟食小包装155gx1袋,21.90,1495人付款,良品铺子旗舰店
http://g-search1.alicdn.com/img/bao/uploaded/i4/imgextra/i2/29807040/O1CN01mDWSOg21sMm7sUUGS_!!0-saturn_solar.jpg,买3送1 达心堂青梅精正品 浓缩青梅锭青,129.00,38人付款,达心堂旗舰店
http://g-search3.alicdn.com/img/bao/uploaded/i4/i1/725677994/O1CN019Khj0y28vIcjDq6wm_!!0-item_pic.jpg,百草味 华夫饼手撕夹心面包800g 早餐食品零食美食小吃,39.90,6974人付款,天猫超市
http://g-search1.alicdn.com/img/bao/uploaded/i4/i2/2640424710/O1CN01lsjTxA1kfDwY4hqzH_!!0-item_pic.jpg,上好旺金华小酥饼梅干菜肉黄山烧饼特产糕点心正宗美食小吃零食品,26.90,29705人付款,上好旺旗舰店
http://g-search3.alicdn.com/img/bao/uploaded/i4/i1/619123122/O1CN011YvuzVS15kNjDuL_!!0-item_pic.jpg,良品铺子零食大礼包网红小吃吃货一箱组合女整箱混装小食品美食男,64.90,171193人付款,良品铺子旗舰店
http://g-search3.alicdn.com/img/bao/uploaded/i4/i3/619123122/TB18uYymNjaK1RjSZKzXXXVwXXa_!!0-item_pic.jpg,良品铺子甜辣鸭掌卤味真空美食小吃特产零食熟食小包装155gx1袋,21.90,1495人付款,良品铺子旗舰店
http://g-search1.alicdn.com/img/bao/uploaded/i4/imgextra/i2/154760158344578220/TB2qFQvjXXXXXcQXXXXXXXXXXXX_!!45225476-0-saturn_solar.jpg,好吃上瘾!秘制五香酱牛肉 江南特色名卤味,19.90,914人付款,润之禧旗舰店,42856707682
http://g-search1.alicdn.com/img/bao/uploaded/i4/i1/725677994/O1CN019Khj0y28vIcjDq6wm_!!0-item_pic.jpg,百草味 华夫饼手撕夹心面包800g 早餐食品零食美食小吃,39.90,6974人付款,天猫超市,574628357645
http://g-search3.alicdn.com/img/bao/uploaded/i4/i2/2640424710/O1CN01lsjTxA1kfDwY4hqzH_!!0-item_pic.jpg,上好旺金华小酥饼梅干菜肉黄山烧饼特产糕点心正宗美食小吃零食品,26.90,29705人付款,上好旺旗舰店,545709858108
http://g-search2.alicdn.com/img/bao/uploaded/i4/i1/619123122/O1CN011YvuzVS15kNjDuL_!!0-item_pic.jpg,良品铺子零食大礼包网红小吃吃货一箱组合女整箱混装小食品美食男,64.90,171193人付款,良品铺子旗舰店,524859421424
http://g-search3.alicdn.com/img/bao/uploaded/i4/i3/619123122/O1CN011YvuzH0JnJGYNbi_!!0-item_pic.jpg,【预售】良品铺子零食大礼包抖音网红小吃整箱混装美食批发3380g,179.00,0人付款,良品铺子旗舰店,578361239152
http://g-search3.alicdn.com/img/bao/uploaded/i4/i1/725677994/O1CN01w1Kw9k28vIchqBpju_!!0-item_pic.jpg,良品铺子肉松饼380g传统糕点特产美食小吃零食点心,25.00,17982人付款,天猫超市,549544357671
http://g-search1.alicdn.com/img/bao/uploaded/i4/i3/725677994/O1CN0128vIcigXVPWVkns_!!0-item_pic.jpg,三只松鼠 肉松饼456g传统糕点早餐点心办公室美食,26.90,80391人付款,天猫超市,524549889515
http://g-search1.alicdn.com/img/bao/uploaded/i4/i2/725677994/O1CN0128vIcj30IhYqwG3_!!0-item_pic.jpg,蜜诺达法式咸芝士西饼150g/罐曲奇饼干奶酪零食休闲小吃美食早餐,16.80,9376人付款,天猫超市,539965014827
http://g-search2.alicdn.com/img/bao/uploaded/i4/i2/725677994/O1CN01HqKTkk28vIcgZfAEx_!!0-item_pic.jpg,两口子肉松饼 480G美食特产糕点零食早餐零食点心,32.50,4616人付款,天猫超市,20914419990
http://g-search1.alicdn.com/img/bao/uploaded/i4/i4/725677994/O1CN01OVRyB628vIcibtqxt_!!0-item_pic.jpg,百草味 果木炭火烤肉混合装210g 猪肉脯肉干肉类休闲零食小吃美食,65.00,809人付款,天猫超市,573840998323
http://g-search1.alicdn.com/img/bao/uploaded/i4/i4/880734502/O1CN01DtuNud1j7xYqiKeAV_!!0-item_pic.jpg,【三只松鼠_蔓越莓曲奇饼干260g】办公室代餐零食早餐手工美食,18.90,41428人付款,三只松鼠旗舰店,520138334858
http://g-search3.alicdn.com/img/bao/uploaded/i4/i1/880734502/O1CN01ms96bw1j7xYlfaIcy_!!0-item_pic.jpg,【三只松鼠_夹心麻薯210gx3】糕点点心美食早餐零食干吃汤圆,34.90,1211人付款,三只松鼠旗舰店,520291956767
http://g-search3.alicdn.com/img/bao/uploaded/i4/i4/3017400344/O1CN011EPaiZPxAk9oicP_!!0-item_pic.jpg,好欢螺螺蛳粉柳州螺狮粉特产美食速食螺丝粉400g*10袋包邮礼盒装,149.00,2988人付款,好欢螺旗舰店,541297222739
http://g-search3.alicdn.com/img/bao/uploaded/i4/i2/3017400344/O1CN011EPaibV6RuCRISZ_!!0-item_pic.jpg,好欢螺螺蛳粉柳州螺狮粉特产美食速食螺丝粉300g*10袋包邮礼盒装,129.00,3046人付款,好欢螺旗舰店,541298958129
http://g-search2.alicdn.com/img/bao/uploaded/i4/i4/3282604381/O1CN01zwriOu1iEXdbDnUaM_!!0-item_pic.jpg,轩妈家蛋黄酥2盒装 红豆雪媚娘麻薯软糯糕点点心美食早餐网红零食,89.00,14040人付款,轩妈食品旗舰店,551184814040
http://g-search2.alicdn.com/img/bao/uploaded/i4/i3/2095703462/O1CN011bRdeQBGl7GASPR_!!0-item_pic.jpg,桂花鸭南京盐水鸭1000g正宗江苏特产美食板鸭咸水鸭熟食赠礼品袋,56.00,2932人付款,桂花鸭旗舰店,41639460475
http://g-search2.alicdn.com/img/bao/uploaded/i4/i1/1808120453/O1CN011FDVtGAvIA51xDX_!!0-item_pic.jpg,劲仔小鱼干小鱼仔休闲零食香辣网红湖南特产美食品辣味小零食小吃,45.90,21553人付款,劲仔旗舰店,42280695109
http://g-search3.alicdn.com/img/bao/uploaded/i4/i4/3282604381/O1CN01omJaM81iEXdUnT0Qn_!!0-item_pic.jpg,轩妈家蛋黄酥6枚装 红豆味雪媚娘麻薯网红软糯糕点美食早餐零食,45.00,26561人付款,轩妈食品旗舰店,551098824963
http://g-search3.alicdn.com/img/bao/uploaded/i4/i2/2780349775/TB1xQ82b7fb_uJkSmFPXXcrCFXa_!!0-item_pic.jpg,正宗安徽特产黄山烧饼60个梅干菜扣肉酥饼网红美食糕点心零食小吃,19.90,74233人付款,徽味和旗舰店,560681958734
http://g-search3.alicdn.com/img/bao/uploaded/i4/i1/1808120453/TB1wxNHmMHqK1RjSZFPXXcwapXa_!!0-item_pic.jpg,劲仔魔芋爽656g香辣味零食小吃湖南特产素毛肚魔芋网红辣条美食品,39.80,618人付款,劲仔旗舰店,566305115347
http://g-search3.alicdn.com/img/bao/uploaded/i4/i4/3416988900/O1CN012FcFS8dQoiXzaH1_!!2-item_pic.png,A1蛋黄酥雪媚娘 海鸭蛋网红蛋黄酥 手工特产糕点美食12枚660g,60.00,6人付款,a1爱逸旗舰店,564794470157
http://g-search2.alicdn.com/img/bao/uploaded/i4/i4/2727217070/O1CN012266erChHXxHDWu_!!0-item_pic.jpg,香港珍妮曲奇聪明小熊手工饼干320g/4mix四味礼盒装 香港美食特产,128.00,1376人付款,聪明小熊旗舰店,524718632348
http://g-search3.alicdn.com/img/bao/uploaded/i4/i1/628189716/TB1geNQmOrpK1RjSZFhXXXSdXXa_!!0-item_pic.jpg,【百草味-华夫饼1kg】夹心手撕面包早餐食品零食美食小蛋糕,39.90,19483人付款,百草味旗舰店,560525718357
http://g-search3.alicdn.com/img/bao/uploaded/i4/i4/2031278649/TB2IleEXVzqK1RjSZFCXXbbxVXa_!!2031278649-0-item_pic.jpg,李村脂渣香酥猪油渣肉粕干炸五花肉脂渣青岛美食特产肉类生酮零食,59.00,2235人付款,李村旗舰店,42149163269
http://g-search3.alicdn.com/img/bao/uploaded/i4/i2/931895670/TB1U7VAOVXXXXbtaFXXXXXXXXXX_!!0-item_pic.jpg,20枚玫瑰鲜花饼云南特产玫瑰花饼胡先生正宗糕点早餐零食美食1kg,39.90,8549人付款,mrhu旗舰店,36317564803
http://g-search3.alicdn.com/img/bao/uploaded/i4/i1/2013696569/O1CN011yOeE5ZtA8uad1K_!!0-item_pic.jpg,延禧攻略 网红传统糕点心 荷花酥曲奇饼干礼盒 特产美食零食节日,158.00,602人付款,yotime旗舰店,569402618460
http://g-search2.alicdn.com/img/bao/uploaded/i4/i2/2112833578/TB1cd1Jm7voK1RjSZFDXXXY3pXa_!!0-item_pic.jpg,港荣芝士蒸蛋糕零食糕点早餐小面包整箱 办公室休闲食品美食点心,42.90,12126人付款,港荣食品旗舰店,548156215237
http://g-search3.alicdn.com/img/bao/uploaded/i4/i4/436287656/TB17H1xm9zqK1RjSZPxXXc4tVXa_!!0-item_pic.jpg,丫眯鲜花饼云南特产正宗玫瑰饼10枚 好吃的零食小吃美食休闲食品,18.80,20002人付款,潮昂食品专营店,16661666360
http://g-search3.alicdn.com/img/bao/uploaded/i4/i2/1692258071/O1CN01OejjrP29UZ7U6cCrx_!!0-item_pic.jpg,稻香村糕点礼盒3000g特产小吃点心好吃的零食礼品大礼包传统美食,168.00,1322人付款,稻香村食品旗舰店,37454658224
http://g-search3.alicdn.com/img/bao/uploaded/i4/i2/2095703462/O1CN011bRddyiaO0Gw4xH_!!0-item_pic.jpg,桂花鸭南京盐水鸭+酱鸭2000g特产正宗美食送礼真空装熟食食品,109.00,691人付款,桂花鸭旗舰店,522208173933
http://g-search3.alicdn.com/img/bao/uploaded/i4/i1/3713182625/O1CN011VGI8fhhV6RCdrF_!!0-item_pic.jpg,百草味零食大礼包组合休闲小吃散装吃货送女朋友混合装美食一整箱,88.80,2479人付款,小主人食品专营店,567416111741
http://g-search2.alicdn.com/img/bao/uploaded/i4/i2/2166322558/O1CN01PDTPAo1UlbbejC0Mp_!!0-item_pic.jpg,白家陈记贵州特色花溪牛肉粉260g*3袋方便速食美食细米粉米线,39.90,1590人付款,白家陈记旗舰店,566940213213
http://g-search1.alicdn.com/img/bao/uploaded/i4/i3/4001685025/O1CN011mzUhkZYkp7qS6w_!!0-item_pic.jpg,四川特产五花腊肉500g农家手工自制柴火烟熏咸肉风干腌肉腊味美食,68.00,168人付款,野马寨旗舰店,577739870109
http://g-search3.alicdn.com/img/bao/uploaded/i4/i2/1993999192/TB2ZxlaJr1YBuNjSszhXXcUsFXa_!!1993999192-0-item_pic.jpg,北京发货稻香村驴打滚500g*2袋麻薯点心零食传统特产小吃美食,39.80,289人付款,欣丰源食品专营店,570498236126
http://g-search3.alicdn.com/img/bao/uploaded/i4/i4/776443145/TB1hKI1ayrpK1RjSZFhXXXSdXXa_!!0-item_pic.jpg,双鱼猪肉脯400克靖江特产猪肉铺金奖猪肉干自然片老字号中华美食,56.00,2347人付款,双鱼食品旗舰店,40144702531
http://g-search3.alicdn.com/img/bao/uploaded/i4/i1/2031278649/TB2cvnra5rpK1RjSZFhXXXSdXXa_!!2031278649-0-item_pic.jpg,正宗李村肉脂渣香酥猪油渣五花肉渣肉粕青岛特产美食肉类生酮零食,96.00,725人付款,李村旗舰店,38790416097
http://g-search3.alicdn.com/img/bao/uploaded/i4/i1/1919630388/O1CN01hktgeJ1Ejk9Af4WRn_!!0-item_pic.jpg,麦吉士鲜蛋糕蒸零食早餐孕妇美食品营养全麦面包糕点整箱批发小吃,54.90,3000人付款,麦吉士食品旗舰店,37033580541
http://g-search3.alicdn.com/img/bao/uploaded/i4/i4/1802208917/O1CN01jFgfiX2Fk2BwX7gcd_!!0-item_pic.jpg,奇圣牛肉干手撕牦牛肉干 西藏美食 风干牛肉 麻辣五香零食肉干,38.90,4046人付款,奇圣旗舰店,546504781147
http://g-search3.alicdn.com/img/bao/uploaded/i4/i1/3063696495/O1CN011xqkv5P9KQjkkxd_!!0-item_pic.jpg,【熙老板网红雪花酥牛扎糖198g*3袋】手工美食糕点心奶芙ins零食,26.50,28483人付款,熙老板旗舰店,569180466668
http://g-search3.alicdn.com/img/bao/uploaded/i4/i4/3874929428/O1CN012JW4a2JdQ7sT4KD_!!0-item_pic.jpg,自嗨锅 螺蛳粉冲泡型 264g×3 Q弹米粉方便面速食懒人美食宵夜,38.80,1274人付款,自嗨锅旗舰店,578097275757
http://g-search2.alicdn.com/img/bao/uploaded/i4/i4/2240225493/O1CN011qRq3pZSZyWJTcI_!!0-item_pic.jpg,嘉士利七分堡 鲜蛋糕蒸零食早餐孕妇美食品营养麦香面包糕点整箱,46.80,6281人付款,嘉士利旗舰店,574627630214
http://g-search3.alicdn.com/img/bao/uploaded/i4/i1/1848622920/O1CN011XROypFxS0fXGpL_!!0-item_pic.jpg,杨大爷五花腊肉500gX3四川特产美食柴火腊肉川味农家自制烟熏咸肉,99.00,6人付款,杨大爷旗舰店,544254627579
http://g-search3.alicdn.com/img/bao/uploaded/i4/i1/784116016/O1CN011uJNCAnKdTjpOmZ_!!0-item_pic.jpg,秦之恋襄阳手工锅巴400g*4麻辣味老襄阳特产小吃美食休闲网红零食,24.50,11964人付款,独秀食品专营店,537779901729
http://g-search3.alicdn.com/img/bao/uploaded/i4/i3/3368244743/TB2V4OLwdcnBKNjSZR0XXcFqFXa_!!3368244743-0-item_pic.jpg,聚口福速食食品盖浇饭料理包10款方便菜肴包半成品美食外卖懒人饭,68.00,1435人付款,聚口福旗舰店,556720086117
http://g-search1.alicdn.com/img/bao/uploaded/i4/i2/2453625574/O1CN011r2w8tFMDvr84lH_!!0-item_pic.jpg,肖三婆冷香鸡翅尖200g*2四川特产私房菜麻辣香辣鸡肉美食风味小吃,44.80,202人付款,肖三婆旗舰店,576479936539
http://g-search1.alicdn.com/img/bao/uploaded/i4/i4/1730448043/O1CN0129Hk1qi9vY3NxRF_!!0-item_pic.jpg,廖记棒棒鸡脱骨凤爪两份920g四川特色小吃麻辣香辣鸡爪零食美食,86.90,550人付款,廖记棒棒鸡旗舰店,561181334113
http://g-search3.alicdn.com/img/bao/uploaded/i4/i3/2451846249/TB2UTLYrY1YBuNjSszeXXablFXa_!!2451846249-0-item_pic.jpg,老北京特产大礼包礼盒领格零食小吃京八件糕点传统美食驴打滚果脯,18.80,2865人付款,乐优美食品专营店,44741598020
http://g-search2.alicdn.com/img/bao/uploaded/i4/i4/2653324232/O1CN01xKtp8C1h8Ice4tBI7_!!0-item_pic.jpg,沈厅 周庄特产沈万三家蹄髈1000g猪蹄酱肘子蹄膀肉类熟食卤味美食,49.80,7174人付款,沈厅旗舰店,523185897520
http://g-search1.alicdn.com/img/bao/uploaded/i4/imgextra/i4/132437150/TB21nARna6qK1RjSZFmXXX0PFXa_!!0-saturn_solar.jpg,留夫鸭 220g鸭架子鸭锁骨特产零食小吃,23.90,179人付款,留夫鸭旗舰店,568004930835
http://g-search1.alicdn.com/img/bao/uploaded/i4/imgextra/i2/29807040/O1CN0121sMm7sKU9Kh54r_!!0-saturn_solar.jpg,达心堂青梅精正品 浓缩青梅汁碱性食品梅精,108.00,92人付款,达心堂旗舰店,35213990285
http://g-search1.alicdn.com/img/bao/uploaded/i4/imgextra/i1/31234463/TB2yh5WwTqWBKNjSZFxXXcpLpXa_!!0-saturn_solar.jpg,山东特产正宗德州扒鸡肉类五香脱骨熟食卤味,129.00,148人付款,hzcwqxf,39885432729
http://g-search2.alicdn.com/img/bao/uploaded/i4/i2/190903296/O1CN011aDbu9Dw4z15WfD_!!0-item_pic.jpg,五芳斋蛋黄酥2盒装麻薯莲蓉红豆网红休闲零食手工绿豆糕点心美食,34.90,4279人付款,五芳斋官方旗舰店,569534546433
http://g-search3.alicdn.com/img/bao/uploaded/i4/i4/2928873800/O1CN011dwRWJb8JvvWKxa_!!0-item_pic.jpg,花满楼鲜花饼新鲜现烤玫瑰饼云南美食特产早餐糕点 满3件发顺丰,36.00,2269人付款,happymiss旗舰店,534783682951
http://g-search3.alicdn.com/img/bao/uploaded/i4/i1/1791258654/O1CN012Dna1eMizsp2Cgz_!!0-item_pic.jpg,友臣肉松饼2.5斤装整箱闽台美味早餐面包糕点美食小吃点心零食品,38.80,3104人付款,食尚物语食品专营店,35895949684
http://g-search3.alicdn.com/img/bao/uploaded/i4/i3/1690440456/O1CN01teoK7s1FEt4zcUmzA_!!0-item_pic.jpg,友臣肉松饼办公室零食特产早餐整箱小吃糕点1250g*2箱美食,85.00,322人付款,友臣旗舰店,551036447521
http://g-search1.alicdn.com/img/bao/uploaded/i4/i1/3472970041/O1CN011CAohX06c85Vxs1_!!0-item_pic.jpg,凉皮速食擀面皮真空袋装陕西特产宝鸡西安岐山汉中小吃名吃美食干,25.80,5146人付款,九臻白氏食品专营店,570870433353
http://g-search3.alicdn.com/img/bao/uploaded/i4/i3/736064771/O1CN01yk2EB61l7A6M4fMzZ_!!0-item_pic.jpg,酱牛肉美食熟食菜零食大礼包五香黄牛肉卤牛肉腱子肉百家兴四大袋,79.80,1253人付款,佳旭食品专营店,35032168104
http://g-search3.alicdn.com/img/bao/uploaded/i4/i3/619123122/TB12SdYmMHqK1RjSZFkXXX.WFXa_!!0-item_pic.jpg,【良品铺子肉松饼380gx2袋】营养早餐食品零食美食小吃休闲散装,32.90,15588人付款,良品铺子旗舰店,40968114589
http://g-search3.alicdn.com/img/bao/uploaded/i4/i4/619123122/TB1uUuPm7voK1RjSZFwXXciCFXa_!!0-item_pic.jpg,【良品铺子猪肉脯200g】肉类零食小吃熟食特产猪肉干休闲食品美食,19.90,109422人付款,良品铺子旗舰店,40101725932
http://g-search3.alicdn.com/img/bao/uploaded/i4/i2/725677994/O1CN01vzZ82a28vIchINHQd_!!725677994-0-sm.jpg,良品铺子甜辣鸭掌155g卤味美食小吃特产零食熟食小包装,36.90,3098人付款,天猫超市,566426073979
http://g-search1.alicdn.com/img/bao/uploaded/i4/i4/725677994/O1CN01CZU9R428vIcjVBY1A_!!0-item_pic.jpg,【2袋装】百草味肉松饼260g*2 早餐零食小吃 特产美食糕点点心,29.90,1542人付款,天猫超市,568794984813
http://g-search3.alicdn.com/img/bao/uploaded/i4/i4/725677994/O1CN01rg8Q6028vIcif40KE_!!0-item_pic.jpg,蜜诺达抹茶蔓越莓西饼238g/盒曲奇饼干零食休闲小吃美食早餐,21.90,8039人付款,天猫超市,539956136569
http://g-search3.alicdn.com/img/bao/uploaded/i4/i1/725677994/O1CN0165SonN28vIckSdIgr_!!725677994-0-sm.jpg,良品铺子中式糕饼蛋黄酥100gx2袋手工点心零食特产美食小吃2倍购,29.90,506人付款,天猫超市,567957518523
http://g-search3.alicdn.com/img/bao/uploaded/i4/i1/725677994/O1CN01je5cQS28vIckAvWe9_!!0-item_pic.jpg,蜜诺达蔓越莓西饼300g/盒曲奇饼干零食休闲小吃美食批发整箱早餐,39.80,14614人付款,天猫超市,545983371225
http://g-search2.alicdn.com/img/bao/uploaded/i4/i2/880734502/TB1IC7SmMHqK1RjSZFPXXcwapXa_!!0-item_pic.jpg,【三只松鼠零食大礼包】网红小吃货一箱组合超大批发混装抖音美食,68.00,319180人付款,三只松鼠旗舰店,558587300390
http://g-search1.alicdn.com/img/bao/uploaded/i4/i1/880734502/TB1x7Oam3HqK1RjSZFEXXcGMXXa_!!0-item_pic.jpg,【三只松鼠_芒果干116gx3】办公室零食蜜饯果脯水果干美食小吃,29.90,128219人付款,三只松鼠旗舰店,45666236598
http://g-search1.alicdn.com/img/bao/uploaded/i4/i1/3017400344/O1CN011EPaiaQ0iZCP0LY_!!0-item_pic.jpg,【旗舰店】好欢螺螺蛳粉柳州特产美食酸辣粉300g*5袋螺狮粉包邮,64.50,13952人付款,好欢螺旗舰店,541280576182
http://g-search3.alicdn.com/img/bao/uploaded/i4/i1/3017400344/O1CN011EPaicrJFC5RuAB_!!0-item_pic.jpg,【旗舰店】好欢螺螺蛳粉柳州美食特产螺丝粉400g*5袋螺狮粉包邮,74.50,1983人付款,好欢螺旗舰店,541279512170
http://g-search1.alicdn.com/img/bao/uploaded/i4/i1/3282604381/O1CN011jbXB41iEXdbDmUEV_!!0-item_pic.jpg,轩妈家蛋黄酥 4种口味混合组合装糕点点心美食早餐点心零食小吃,65.80,8423人付款,轩妈食品旗舰店,566215465166
http://g-search3.alicdn.com/img/bao/uploaded/i4/i1/3282604381/O1CN01NSLCVD1iEXdZdTneH_!!0-item_pic.jpg,轩妈家蛋黄酥20g*8枚/盒 红豆味迷你mini儿童蛋黄酥糕点点心美食,33.00,717人付款,轩妈食品旗舰店,580142684879
http://g-search2.alicdn.com/img/bao/uploaded/i4/i1/2095703462/O1CN011bRdeTCN1KpUqvy_!!0-item_pic.jpg,桂花鸭南京特产盐水鸭正宗真空板鸭美食零食中秋熟食品咸水鸭送礼,66.00,847人付款,桂花鸭旗舰店,39038160756
http://g-search1.alicdn.com/img/bao/uploaded/i4/i2/2891702599/TB25Gu1wZyYBuNkSnfoXXcWgVXa_!!2891702599-0-item_pic.jpg,老杭邦龙井酥5口味套装 杭州特产特色美食杭州茶食龙井茶酥实惠装,125.00,289人付款,老杭邦旗舰店,534506464592
http://g-search1.alicdn.com/img/bao/uploaded/i4/i4/1848622920/O1CN011XROz6BttNyaUNu_!!0-item_pic.jpg,杨大爷五花腊肉500g四川美食特产腊肉农家自制烟熏咸肉柴火腊肉,45.00,3109人付款,杨大爷旗舰店,35893510647
http://g-search3.alicdn.com/img/bao/uploaded/i4/i1/2452423346/O1CN011aaVhxJnLbi4KWJ_!!0-item_pic.jpg,韩复兴精品盐水鸭1kg+酱鸭1kg正宗江苏南京特产美食零食老字号,143.00,280人付款,韩复兴旗舰店,563642690855
http://g-search3.alicdn.com/img/bao/uploaded/i4/i3/911772588/O1CN011UzLUSdioxVauQw_!!0-item_pic.jpg,嘉华鲜花饼蛋黄酥云南特产大地方藏礼盒装美食休闲零食传统糕点心,56.00,1295人付款,嘉华食品旗舰店,572832213570
http://g-search1.alicdn.com/img/bao/uploaded/i4/i2/2640424710/O1CN01lsjTxA1kfDwY4hqzH_!!0-item_pic.jpg,上好旺金华小酥饼梅干菜肉黄山烧饼特产糕点心正宗美食小吃零食品,26.90,29705人付款,上好旺旗舰店,545709858108
http://g-search3.alicdn.com/img/bao/uploaded/i4/i2/1914459560/TB19EoEmQvoK1RjSZFNXXcxMVXa_!!0-item_pic.jpg,【德州扒鸡旗舰店】正宗德州扒鸡扒鸡零食中华美食烧鸡童子鸡600g,39.90,2406人付款,德州扒鸡旗舰店,547103151529
http://g-search2.alicdn.com/img/bao/uploaded/i4/i2/436287656/TB1UReGmW6qK1RjSZFmXXX0PFXa_!!0-item_pic.jpg,丫眯玫瑰鲜花饼正宗云南特产 好吃的零食小吃美食休闲食品成人款,37.60,3494人付款,潮昂食品专营店,19902847922
http://g-search1.alicdn.com/img/bao/uploaded/i4/i4/2098979242/TB23c0VdhTpK1RjSZFMXXbG_VXa_!!2098979242-0-item_pic.jpg,正宗江苏南京特产盐水鸭800g整只樱桃谷鸭真空包装金陵夫子庙美食,24.80,2132人付款,喵喵雨食品专营店,576342350697
http://g-search3.alicdn.com/img/bao/uploaded/i4/i1/884012584/O1CN011UxVtqocmkgH8DY_!!0-item_pic.jpg,盼盼肉松饼整箱 早餐糕点小吃面包美食零食食品批发2100g,66.80,395人付款,盼盼食品官方旗舰店,44066319526
http://g-search3.alicdn.com/img/bao/uploaded/i4/i4/2874822788/O1CN01Vaaz0S1WSwhmlceLf_!!0-item_pic.jpg,藤桥牌 浙江特产藤桥熏鸡温州特色小吃 休闲美食熟熏鸡净含量400g,45.00,566人付款,藤桥牌旗舰店,531174920199
http://g-search3.alicdn.com/img/bao/uploaded/i4/i2/1692258071/O1CN0129UZ7DXoZvcRdci_!!0-item_pic.jpg,【预售】稻香村糕点礼盒3000g特产小吃点心好吃的零食传统美食,129.00,0人付款,稻香村食品旗舰店,537987252336
http://g-search1.alicdn.com/img/bao/uploaded/i4/i1/1668473661/O1CN011cumSfSaa0Ti8dM_!!0-item_pic.jpg,宫御坊老北京特产手工龙须酥正宗龙须糖美食品糕点心酥糖零食小吃,18.80,3971人付款,宫御坊旗舰店,536926355707
http://g-search3.alicdn.com/img/bao/uploaded/i4/i3/2074610218/TB1uFFMaCMmBKNjSZTEXXasKpXa_!!0-item_pic.jpg,一生缘手磨豆干1000g散装零食麻辣条豆腐干休闲小吃重庆特色美食,29.80,820人付款,一生缘旗舰店,39762818983
http://g-search3.alicdn.com/img/bao/uploaded/i4/i1/1719214398/O1CN011iMKMwhbE5iMJo2_!!0-item_pic.jpg,沈大成糕点桂花拉糕 上海特产老字号 传统糯米糕点心 网红美食,29.90,5835人付款,沈大成旗舰店,562503062898
http://g-search2.alicdn.com/img/bao/uploaded/i4/i2/1730448043/O1CN0129Hk1pQ0M15JGlu_!!0-item_pic.jpg,廖记棒棒鸡+兔丁+无骨凤爪抖音网红美食保鲜1400g凉拌私房菜零食,132.00,187人付款,廖记棒棒鸡旗舰店,43146312382
http://g-search1.alicdn.com/img/bao/uploaded/i4/i2/3077130406/O1CN011ErzGgGHt9qhpPH_!!0-item_pic.jpg,藤桥牌美味鸭舌 500g温州特产小吃美食酱鸭舌 休闲肉类零食鸭舌,168.00,69人付款,夏方小铺食品专营店,547474026888
http://g-search2.alicdn.com/img/bao/uploaded/i4/i4/2928298298/O1CN01stcJfZ2BAX1hqR9ag_!!0-item_pic.jpg,芝片酥正宗安徽特产芝麻薄脆饼干美食糕点心芝麻煎饼传统手工零食,19.90,415人付款,昱城食品旗舰店,573496502951
http://g-search3.alicdn.com/img/bao/uploaded/i4/i3/1690441726/O1CN011OcY4v7GG7SjOTT_!!0-item_pic.jpg,修文鸭舌温州特产酱鸭舌酱卤鸭舌头特色美食小吃休闲零食净重480g,157.00,107人付款,修文食品官方旗舰店,18475725020
http://g-search3.alicdn.com/img/bao/uploaded/i4/i2/3416988900/O1CN012FcFSOYdfhoqFtH_!!0-item_pic.jpg,a1手工蛋黄酥雪媚娘麻薯55g*6枚/盒传统糕点美食网红零食小吃特产,44.90,5474人付款,a1爱逸旗舰店,569086253210
http://g-search3.alicdn.com/img/bao/uploaded/i4/i4/1692258071/O1CN01v2EZBM29UZ7QPaQba_!!0-item_pic.jpg,稻香村牛舌饼360G*2 好吃的传统特产特色糕点心酥皮美食小吃零食,35.90,2454人付款,稻香村食品旗舰店,528121444435
http://g-search3.alicdn.com/img/bao/uploaded/i4/i4/1050175285/O1CN01BHLPJS1ouZgH69RKR_!!0-item_pic.jpg,陈昌银麻花400g*4袋重庆磁器口陈麻花传统美食小吃麻花零食,46.80,879人付款,盾皇食品专营店,42829886869
http://g-search1.alicdn.com/img/bao/uploaded/i4/imgextra/i4/114793433/O1CN011bEMAMVLKl0qG7H_!!0-saturn_solar.jpg,枫泾丁蹄258g上海特产丁义兴真空熟食卤,36.00,189人付款,丁义兴旗舰店,538146137067
http://g-search2.alicdn.com/img/bao/uploaded/i4/i1/725677994/O1CN019Khj0y28vIcjDq6wm_!!0-item_pic.jpg,百草味 华夫饼手撕夹心面包800g 早餐食品零食美食小吃,39.90,6974人付款,天猫超市,574628357645
http://g-search2.alicdn.com/img/bao/uploaded/i4/i2/2640424710/O1CN01lsjTxA1kfDwY4hqzH_!!0-item_pic.jpg,上好旺金华小酥饼梅干菜肉黄山烧饼特产糕点心正宗美食小吃零食品,26.90,29705人付款,上好旺旗舰店,545709858108
http://g-search3.alicdn.com/img/bao/uploaded/i4/i1/619123122/O1CN011YvuzVS15kNjDuL_!!0-item_pic.jpg,良品铺子零食大礼包网红小吃吃货一箱组合女整箱混装小食品美食男,64.90,171193人付款,良品铺子旗舰店,524859421424
http://g-search2.alicdn.com/img/bao/uploaded/i4/i3/619123122/O1CN011YvuzH0JnJGYNbi_!!0-item_pic.jpg,【预售】良品铺子零食大礼包抖音网红小吃整箱混装美食批发3380g,179.00,0人付款,良品铺子旗舰店,578361239152
http://g-search3.alicdn.com/img/bao/uploaded/i4/i1/725677994/O1CN01w1Kw9k28vIchqBpju_!!0-item_pic.jpg,良品铺子肉松饼380g传统糕点特产美食小吃零食点心,25.00,17982人付款,天猫超市,549544357671
http://g-search3.alicdn.com/img/bao/uploaded/i4/i3/725677994/O1CN0128vIcigXVPWVkns_!!0-item_pic.jpg,三只松鼠 肉松饼456g传统糕点早餐点心办公室美食,26.90,80391人付款,天猫超市,524549889515
http://g-search3.alicdn.com/img/bao/uploaded/i4/i2/725677994/O1CN0128vIcj30IhYqwG3_!!0-item_pic.jpg,蜜诺达法式咸芝士西饼150g/罐曲奇饼干奶酪零食休闲小吃美食早餐,16.80,9376人付款,天猫超市,539965014827
http://g-search1.alicdn.com/img/bao/uploaded/i4/i2/725677994/O1CN01HqKTkk28vIcgZfAEx_!!0-item_pic.jpg,两口子肉松饼 480G美食特产糕点零食早餐零食点心,32.50,4616人付款,天猫超市,20914419990
http://g-search1.alicdn.com/img/bao/uploaded/i4/i2/725677994/O1CN01vzZ82a28vIchINHQd_!!725677994-0-sm.jpg,良品铺子甜辣鸭掌155g卤味美食小吃特产零食熟食小包装,36.90,3098人付款,天猫超市,566426073979
http://g-search1.alicdn.com/img/bao/uploaded/i4/i2/880734502/TB1IC7SmMHqK1RjSZFPXXcwapXa_!!0-item_pic.jpg,【三只松鼠零食大礼包】网红小吃货一箱组合超大批发混装抖音美食,68.00,319180人付款,三只松鼠旗舰店,558587300390
http://g-search1.alicdn.com/img/bao/uploaded/i4/i4/3017400344/O1CN011EPaiZPxAk9oicP_!!0-item_pic.jpg,好欢螺螺蛳粉柳州螺狮粉特产美食速食螺丝粉400g*10袋包邮礼盒装,149.00,2988人付款,好欢螺旗舰店,541297222739
http://g-search2.alicdn.com/img/bao/uploaded/i4/i2/3017400344/O1CN011EPaibV6RuCRISZ_!!0-item_pic.jpg,好欢螺螺蛳粉柳州螺狮粉特产美食速食螺丝粉300g*10袋包邮礼盒装,129.00,3046人付款,好欢螺旗舰店,541298958129
http://g-search1.alicdn.com/img/bao/uploaded/i4/i4/3282604381/O1CN01zwriOu1iEXdbDnUaM_!!0-item_pic.jpg,轩妈家蛋黄酥2盒装 红豆雪媚娘麻薯软糯糕点点心美食早餐网红零食,89.00,14040人付款,轩妈食品旗舰店,551184814040
http://g-search2.alicdn.com/img/bao/uploaded/i4/i1/880734502/TB1x7Oam3HqK1RjSZFEXXcGMXXa_!!0-item_pic.jpg,【三只松鼠_芒果干116gx3】办公室零食蜜饯果脯水果干美食小吃,29.90,128219人付款,三只松鼠旗舰店,45666236598
http://g-search3.alicdn.com/img/bao/uploaded/i4/i3/2095703462/O1CN011bRdeQBGl7GASPR_!!0-item_pic.jpg,桂花鸭南京盐水鸭1000g正宗江苏特产美食板鸭咸水鸭熟食赠礼品袋,56.00,2932人付款,桂花鸭旗舰店,41639460475
http://g-search1.alicdn.com/img/bao/uploaded/i4/i1/1808120453/O1CN011FDVtGAvIA51xDX_!!0-item_pic.jpg,劲仔小鱼干小鱼仔休闲零食香辣网红湖南特产美食品辣味小零食小吃,45.90,21553人付款,劲仔旗舰店,42280695109
http://g-search3.alicdn.com/img/bao/uploaded/i4/i4/3282604381/O1CN01omJaM81iEXdUnT0Qn_!!0-item_pic.jpg,轩妈家蛋黄酥6枚装 红豆味雪媚娘麻薯网红软糯糕点美食早餐零食,45.00,26561人付款,轩妈食品旗舰店,551098824963
http://g-search2.alicdn.com/img/bao/uploaded/i4/i2/2780349775/TB1xQ82b7fb_uJkSmFPXXcrCFXa_!!0-item_pic.jpg,正宗安徽特产黄山烧饼60个梅干菜扣肉酥饼网红美食糕点心零食小吃,19.90,74233人付款,徽味和旗舰店,560681958734
http://g-search3.alicdn.com/img/bao/uploaded/i4/i1/1808120453/TB1wxNHmMHqK1RjSZFPXXcwapXa_!!0-item_pic.jpg,劲仔魔芋爽656g香辣味零食小吃湖南特产素毛肚魔芋网红辣条美食品,39.80,618人付款,劲仔旗舰店,566305115347
http://g-search3.alicdn.com/img/bao/uploaded/i4/i4/3416988900/O1CN012FcFS8dQoiXzaH1_!!2-item_pic.png,A1蛋黄酥雪媚娘 海鸭蛋网红蛋黄酥 手工特产糕点美食12枚660g,60.00,6人付款,a1爱逸旗舰店,564794470157
http://g-search3.alicdn.com/img/bao/uploaded/i4/i4/2727217070/O1CN012266erChHXxHDWu_!!0-item_pic.jpg,香港珍妮曲奇聪明小熊手工饼干320g/4mix四味礼盒装 香港美食特产,128.00,1376人付款,聪明小熊旗舰店,524718632348
http://g-search2.alicdn.com/img/bao/uploaded/i4/i1/628189716/TB1geNQmOrpK1RjSZFhXXXSdXXa_!!0-item_pic.jpg,【百草味-华夫饼1kg】夹心手撕面包早餐食品零食美食小蛋糕,39.90,19483人付款,百草味旗舰店,560525718357
http://g-search1.alicdn.com/img/bao/uploaded/i4/i4/2031278649/TB2IleEXVzqK1RjSZFCXXbbxVXa_!!2031278649-0-item_pic.jpg,李村脂渣香酥猪油渣肉粕干炸五花肉脂渣青岛美食特产肉类生酮零食,59.00,2235人付款,李村旗舰店,42149163269
http://g-search3.alicdn.com/img/bao/uploaded/i4/i2/931895670/TB1U7VAOVXXXXbtaFXXXXXXXXXX_!!0-item_pic.jpg,20枚玫瑰鲜花饼云南特产玫瑰花饼胡先生正宗糕点早餐零食美食1kg,39.90,8549人付款,mrhu旗舰店,36317564803
http://g-search2.alicdn.com/img/bao/uploaded/i4/i1/2013696569/O1CN011yOeE5ZtA8uad1K_!!0-item_pic.jpg,延禧攻略 网红传统糕点心 荷花酥曲奇饼干礼盒 特产美食零食节日,158.00,602人付款,yotime旗舰店,569402618460
http://g-search1.alicdn.com/img/bao/uploaded/i4/i2/2112833578/TB1cd1Jm7voK1RjSZFDXXXY3pXa_!!0-item_pic.jpg,港荣芝士蒸蛋糕零食糕点早餐小面包整箱 办公室休闲食品美食点心,42.90,12126人付款,港荣食品旗舰店,548156215237
http://g-search1.alicdn.com/img/bao/uploaded/i4/i4/436287656/TB17H1xm9zqK1RjSZPxXXc4tVXa_!!0-item_pic.jpg,丫眯鲜花饼云南特产正宗玫瑰饼10枚 好吃的零食小吃美食休闲食品,18.80,20002人付款,潮昂食品专营店,16661666360
http://g-search3.alicdn.com/img/bao/uploaded/i4/i2/1692258071/O1CN01OejjrP29UZ7U6cCrx_!!0-item_pic.jpg,稻香村糕点礼盒3000g特产小吃点心好吃的零食礼品大礼包传统美食,168.00,1322人付款,稻香村食品旗舰店,37454658224
http://g-search3.alicdn.com/img/bao/uploaded/i4/i1/1919630388/O1CN01hktgeJ1Ejk9Af4WRn_!!0-item_pic.jpg,麦吉士鲜蛋糕蒸零食早餐孕妇美食品营养全麦面包糕点整箱批发小吃,54.90,3000人付款,麦吉士食品旗舰店,37033580541
http://g-search3.alicdn.com/img/bao/uploaded/i4/i2/2095703462/O1CN011bRddyiaO0Gw4xH_!!0-item_pic.jpg,桂花鸭南京盐水鸭+酱鸭2000g特产正宗美食送礼真空装熟食食品,109.00,691人付款,桂花鸭旗舰店,522208173933
http://g-search3.alicdn.com/img/bao/uploaded/i4/i1/3713182625/O1CN011VGI8fhhV6RCdrF_!!0-item_pic.jpg,百草味零食大礼包组合休闲小吃散装吃货送女朋友混合装美食一整箱,88.80,2479人付款,小主人食品专营店,567416111741
http://g-search1.alicdn.com/img/bao/uploaded/i4/i2/1993999192/TB2ZxlaJr1YBuNjSszhXXcUsFXa_!!1993999192-0-item_pic.jpg,北京发货稻香村驴打滚500g*2袋麻薯点心零食传统特产小吃美食,39.80,289人付款,欣丰源食品专营店,570498236126
http://g-search2.alicdn.com/img/bao/uploaded/i4/i3/4001685025/O1CN011mzUhkZYkp7qS6w_!!0-item_pic.jpg,四川特产五花腊肉500g农家手工自制柴火烟熏咸肉风干腌肉腊味美食,68.00,168人付款,野马寨旗舰店,577739870109
http://g-search3.alicdn.com/img/bao/uploaded/i4/i2/2166322558/O1CN01PDTPAo1UlbbejC0Mp_!!0-item_pic.jpg,白家陈记贵州特色花溪牛肉粉260g*3袋方便速食美食细米粉米线,39.90,1590人付款,白家陈记旗舰店,566940213213
http://g-search2.alicdn.com/img/bao/uploaded/i4/i4/776443145/TB1hKI1ayrpK1RjSZFhXXXSdXXa_!!0-item_pic.jpg,双鱼猪肉脯400克靖江特产猪肉铺金奖猪肉干自然片老字号中华美食,56.00,2347人付款,双鱼食品旗舰店,40144702531
http://g-search3.alicdn.com/img/bao/uploaded/i4/i1/2031278649/TB2cvnra5rpK1RjSZFhXXXSdXXa_!!2031278649-0-item_pic.jpg,正宗李村肉脂渣香酥猪油渣五花肉渣肉粕青岛特产美食肉类生酮零食,96.00,725人付款,李村旗舰店,38790416097
http://g-search2.alicdn.com/img/bao/uploaded/i4/i4/3874929428/O1CN012JW4a2JdQ7sT4KD_!!0-item_pic.jpg,自嗨锅 螺蛳粉冲泡型 264g×3 Q弹米粉方便面速食懒人美食宵夜,38.80,1274人付款,自嗨锅旗舰店,578097275757
http://g-search1.alicdn.com/img/bao/uploaded/i4/i1/3063696495/O1CN011xqkv5P9KQjkkxd_!!0-item_pic.jpg,【熙老板网红雪花酥牛扎糖198g*3袋】手工美食糕点心奶芙ins零食,26.50,28483人付款,熙老板旗舰店,569180466668
http://g-search3.alicdn.com/img/bao/uploaded/i4/i4/2240225493/O1CN011qRq3pZSZyWJTcI_!!0-item_pic.jpg,嘉士利七分堡 鲜蛋糕蒸零食早餐孕妇美食品营养麦香面包糕点整箱,46.80,6281人付款,嘉士利旗舰店,574627630214
http://g-search1.alicdn.com/img/bao/uploaded/i4/i4/1802208917/O1CN01jFgfiX2Fk2BwX7gcd_!!0-item_pic.jpg,奇圣牛肉干手撕牦牛肉干 西藏美食 风干牛肉 麻辣五香零食肉干,38.90,4046人付款,奇圣旗舰店,546504781147
http://g-search3.alicdn.com/img/bao/uploaded/i4/i1/1848622920/O1CN011XROypFxS0fXGpL_!!0-item_pic.jpg,杨大爷五花腊肉500gX3四川特产美食柴火腊肉川味农家自制烟熏咸肉,99.00,6人付款,杨大爷旗舰店,544254627579
http://g-search2.alicdn.com/img/bao/uploaded/i4/i3/3368244743/TB2V4OLwdcnBKNjSZR0XXcFqFXa_!!3368244743-0-item_pic.jpg,聚口福速食食品盖浇饭料理包10款方便菜肴包半成品美食外卖懒人饭,68.00,1435人付款,聚口福旗舰店,556720086117
http://g-search3.alicdn.com/img/bao/uploaded/i4/i1/784116016/O1CN011uJNCAnKdTjpOmZ_!!0-item_pic.jpg,秦之恋襄阳手工锅巴400g*4麻辣味老襄阳特产小吃美食休闲网红零食,24.50,11964人付款,独秀食品专营店,537779901729
http://g-search1.alicdn.com/img/bao/uploaded/i4/i2/2453625574/O1CN011r2w8tFMDvr84lH_!!0-item_pic.jpg,肖三婆冷香鸡翅尖200g*2四川特产私房菜麻辣香辣鸡肉美食风味小吃,44.80,202人付款,肖三婆旗舰店,576479936539
http://g-search2.alicdn.com/img/bao/uploaded/i4/i4/1730448043/O1CN0129Hk1qi9vY3NxRF_!!0-item_pic.jpg,廖记棒棒鸡脱骨凤爪两份920g四川特色小吃麻辣香辣鸡爪零食美食,86.90,550人付款,廖记棒棒鸡旗舰店,561181334113
http://g-search3.alicdn.com/img/bao/uploaded/i4/i3/2451846249/TB2UTLYrY1YBuNjSszeXXablFXa_!!2451846249-0-item_pic.jpg,老北京特产大礼包礼盒领格零食小吃京八件糕点传统美食驴打滚果脯,18.80,2865人付款,乐优美食品专营店,44741598020
http://g-search1.alicdn.com/img/bao/uploaded/i4/i4/2653324232/O1CN01xKtp8C1h8Ice4tBI7_!!0-item_pic.jpg,沈厅 周庄特产沈万三家蹄髈1000g猪蹄酱肘子蹄膀肉类熟食卤味美食,49.80,7174人付款,沈厅旗舰店,523185897520
http://g-search1.alicdn.com/img/bao/uploaded/i4/imgextra/i4/16634067140945724/TB2wHonbFXXXXa_XXXXXXXXXXXX_!!14916634-0-saturn_solar.jpg,黑龙江哈尔滨一手店熟食熏酱猪爪猪手猪脚卤,27.80,17人付款,ea5168ea,25992284880
http://g-search1.alicdn.com/img/bao/uploaded/i4/imgextra/i1/117704073/TB29KG5wdcnBKNjSZR0XXcFqFXa_!!0-saturn_solar.jpg,哈尔滨红肠 正宗 东北美食香肠肉肠红肠特产,69.80,249人付款,马迭尔旗舰店,564946079566
http://g-search1.alicdn.com/img/bao/uploaded/i4/imgextra/i1/31234463/TB2dGBBabZnBKNjSZFKXXcGOVXa_!!0-saturn_solar.jpg,猪蹄猪脚酱香猪手五香熟食肉类真空小吃零食,139.00,269人付款,hzcwqxf,522805211451
http://g-search2.alicdn.com/img/bao/uploaded/i4/i4/2928873800/O1CN011dwRWJb8JvvWKxa_!!0-item_pic.jpg,花满楼鲜花饼新鲜现烤玫瑰饼云南美食特产早餐糕点 满3件发顺丰,36.00,2269人付款,happymiss旗舰店,534783682951
http://g-search3.alicdn.com/img/bao/uploaded/i4/i2/190903296/O1CN011aDbu9Dw4z15WfD_!!0-item_pic.jpg,五芳斋蛋黄酥2盒装麻薯莲蓉红豆网红休闲零食手工绿豆糕点心美食,34.90,4279人付款,五芳斋官方旗舰店,569534546433
http://g-search2.alicdn.com/img/bao/uploaded/i4/i3/1690440456/O1CN01teoK7s1FEt4zcUmzA_!!0-item_pic.jpg,友臣肉松饼办公室零食特产早餐整箱小吃糕点1250g*2箱美食,85.00,322人付款,友臣旗舰店,551036447521
http://g-search2.alicdn.com/img/bao/uploaded/i4/i1/1791258654/O1CN012Dna1eMizsp2Cgz_!!0-item_pic.jpg,友臣肉松饼2.5斤装整箱闽台美味早餐面包糕点美食小吃点心零食品,38.80,3104人付款,食尚物语食品专营店,35895949684
http://g-search3.alicdn.com/img/bao/uploaded/i4/i4/2874822788/O1CN01Vaaz0S1WSwhmlceLf_!!0-item_pic.jpg,藤桥牌 浙江特产藤桥熏鸡温州特色小吃 休闲美食熟熏鸡净含量400g,45.00,566人付款,藤桥牌旗舰店,531174920199
http://g-search3.alicdn.com/img/bao/uploaded/i4/i1/3472970041/O1CN011CAohX06c85Vxs1_!!0-item_pic.jpg,凉皮速食擀面皮真空袋装陕西特产宝鸡西安岐山汉中小吃名吃美食干,25.80,5146人付款,九臻白氏食品专营店,570870433353
http://g-search3.alicdn.com/img/bao/uploaded/i4/i3/619123122/TB12SdYmMHqK1RjSZFkXXX.WFXa_!!0-item_pic.jpg,【良品铺子肉松饼380gx2袋】营养早餐食品零食美食小吃休闲散装,32.90,15588人付款,良品铺子旗舰店,40968114589
http://g-search3.alicdn.com/img/bao/uploaded/i4/i4/619123122/TB1uUuPm7voK1RjSZFwXXciCFXa_!!0-item_pic.jpg,【良品铺子猪肉脯200g】肉类零食小吃熟食特产猪肉干休闲食品美食,19.90,109422人付款,良品铺子旗舰店,40101725932
http://g-search2.alicdn.com/img/bao/uploaded/i4/i4/725677994/O1CN01OVRyB628vIcibtqxt_!!0-item_pic.jpg,百草味 果木炭火烤肉混合装210g 猪肉脯肉干肉类休闲零食小吃美食,65.00,809人付款,天猫超市,573840998323
http://g-search1.alicdn.com/img/bao/uploaded/i4/i4/725677994/O1CN01CZU9R428vIcjVBY1A_!!0-item_pic.jpg,【2袋装】百草味肉松饼260g*2 早餐零食小吃 特产美食糕点点心,29.90,1542人付款,天猫超市,568794984813
http://g-search3.alicdn.com/img/bao/uploaded/i4/i4/725677994/O1CN01rg8Q6028vIcif40KE_!!0-item_pic.jpg,蜜诺达抹茶蔓越莓西饼238g/盒曲奇饼干零食休闲小吃美食早餐,21.90,8039人付款,天猫超市,539956136569
http://g-search3.alicdn.com/img/bao/uploaded/i4/i1/725677994/O1CN0165SonN28vIckSdIgr_!!725677994-0-sm.jpg,良品铺子中式糕饼蛋黄酥100gx2袋手工点心零食特产美食小吃2倍购,29.90,506人付款,天猫超市,567957518523
http://g-search1.alicdn.com/img/bao/uploaded/i4/i1/725677994/O1CN01je5cQS28vIckAvWe9_!!0-item_pic.jpg,蜜诺达蔓越莓西饼300g/盒曲奇饼干零食休闲小吃美食批发整箱早餐,39.80,14614人付款,天猫超市,545983371225
http://g-search3.alicdn.com/img/bao/uploaded/i4/i1/3017400344/O1CN011EPaiaQ0iZCP0LY_!!0-item_pic.jpg,【旗舰店】好欢螺螺蛳粉柳州特产美食酸辣粉300g*5袋螺狮粉包邮,64.50,13952人付款,好欢螺旗舰店,541280576182
http://g-search3.alicdn.com/img/bao/uploaded/i4/i1/3017400344/O1CN011EPaicrJFC5RuAB_!!0-item_pic.jpg,【旗舰店】好欢螺螺蛳粉柳州美食特产螺丝粉400g*5袋螺狮粉包邮,74.50,1983人付款,好欢螺旗舰店,541279512170
http://g-search1.alicdn.com/img/bao/uploaded/i4/i2/880734502/O1CN01VzNBhg1j7xYuCMpzo_!!0-item_pic.jpg,【三只松鼠_猪肉脯210g】休闲小吃网红肉脯零食特产美食靖江风味,21.90,185660人付款,三只松鼠旗舰店,520113726631
http://g-search1.alicdn.com/img/bao/uploaded/i4/i1/3282604381/O1CN01NSLCVD1iEXdZdTneH_!!0-item_pic.jpg,轩妈家蛋黄酥20g*8枚/盒 红豆味迷你mini儿童蛋黄酥糕点点心美食,33.00,717人付款,轩妈食品旗舰店,580142684879
http://g-search1.alicdn.com/img/bao/uploaded/i4/i1/3282604381/O1CN011jbXB41iEXdbDmUEV_!!0-item_pic.jpg,轩妈家蛋黄酥 4种口味混合组合装糕点点心美食早餐点心零食小吃,65.80,8423人付款,轩妈食品旗舰店,566215465166
http://g-search2.alicdn.com/img/bao/uploaded/i4/i2/880734502/TB1h1J9m3HqK1RjSZFgXXa7JXXa_!!0-item_pic.jpg,【三只松鼠_蒸蛋糕1050g/整箱】早餐营养零食小面包点心美食,44.90,38796人付款,三只松鼠旗舰店,574134043754
http://g-search3.alicdn.com/img/bao/uploaded/i4/i1/2095703462/O1CN011bRdeTCN1KpUqvy_!!0-item_pic.jpg,桂花鸭南京特产盐水鸭正宗真空板鸭美食零食中秋熟食品咸水鸭送礼,66.00,847人付款,桂花鸭旗舰店,39038160756
http://g-search2.alicdn.com/img/bao/uploaded/i4/i4/1848622920/O1CN011XROz6BttNyaUNu_!!0-item_pic.jpg,杨大爷五花腊肉500g四川美食特产腊肉农家自制烟熏咸肉柴火腊肉,45.00,3109人付款,杨大爷旗舰店,35893510647
http://g-search1.alicdn.com/img/bao/uploaded/i4/i1/2452423346/O1CN011aaVhxJnLbi4KWJ_!!0-item_pic.jpg,韩复兴精品盐水鸭1kg+酱鸭1kg正宗江苏南京特产美食零食老字号,143.00,280人付款,韩复兴旗舰店,563642690855
http://g-search3.alicdn.com/img/bao/uploaded/i4/i3/736064771/O1CN01yk2EB61l7A6M4fMzZ_!!0-item_pic.jpg,酱牛肉美食熟食菜零食大礼包五香黄牛肉卤牛肉腱子肉百家兴四大袋,79.80,1253人付款,佳旭食品专营店,35032168104
http://g-search2.alicdn.com/img/bao/uploaded/i4/i2/2891702599/TB25Gu1wZyYBuNkSnfoXXcWgVXa_!!2891702599-0-item_pic.jpg,老杭邦龙井酥5口味套装 杭州特产特色美食杭州茶食龙井茶酥实惠装,125.00,289人付款,老杭邦旗舰店,534506464592
http://g-search1.alicdn.com/img/bao/uploaded/i4/i2/2640424710/O1CN01lsjTxA1kfDwY4hqzH_!!0-item_pic.jpg,上好旺金华小酥饼梅干菜肉黄山烧饼特产糕点心正宗美食小吃零食品,26.90,29705人付款,上好旺旗舰店,545709858108
http://g-search2.alicdn.com/img/bao/uploaded/i4/i2/1914459560/TB19EoEmQvoK1RjSZFNXXcxMVXa_!!0-item_pic.jpg,【德州扒鸡旗舰店】正宗德州扒鸡扒鸡零食中华美食烧鸡童子鸡600g,39.90,2406人付款,德州扒鸡旗舰店,547103151529
http://g-search1.alicdn.com/img/bao/uploaded/i4/i3/911772588/O1CN011UzLUSdioxVauQw_!!0-item_pic.jpg,嘉华鲜花饼蛋黄酥云南特产大地方藏礼盒装美食休闲零食传统糕点心,56.00,1295人付款,嘉华食品旗舰店,572832213570
http://g-search1.alicdn.com/img/bao/uploaded/i4/i2/436287656/TB1UReGmW6qK1RjSZFmXXX0PFXa_!!0-item_pic.jpg,丫眯玫瑰鲜花饼正宗云南特产 好吃的零食小吃美食休闲食品成人款,37.60,3494人付款,潮昂食品专营店,19902847922
http://g-search3.alicdn.com/img/bao/uploaded/i4/i4/2098979242/TB23c0VdhTpK1RjSZFMXXbG_VXa_!!2098979242-0-item_pic.jpg,正宗江苏南京特产盐水鸭800g整只樱桃谷鸭真空包装金陵夫子庙美食,24.80,2132人付款,喵喵雨食品专营店,576342350697
http://g-search2.alicdn.com/img/bao/uploaded/i4/i2/1730448043/O1CN0129Hk1pQ0M15JGlu_!!0-item_pic.jpg,廖记棒棒鸡+兔丁+无骨凤爪抖音网红美食保鲜1400g凉拌私房菜零食,132.00,187人付款,廖记棒棒鸡旗舰店,43146312382
http://g-search3.alicdn.com/img/bao/uploaded/i4/i2/1692258071/O1CN0129UZ7DXoZvcRdci_!!0-item_pic.jpg,【预售】稻香村糕点礼盒3000g特产小吃点心好吃的零食传统美食,129.00,0人付款,稻香村食品旗舰店,537987252336
http://g-search3.alicdn.com/img/bao/uploaded/i4/i1/1668473661/O1CN011cumSfSaa0Ti8dM_!!0-item_pic.jpg,宫御坊老北京特产手工龙须酥正宗龙须糖美食品糕点心酥糖零食小吃,18.80,3971人付款,宫御坊旗舰店,536926355707
http://g-search1.alicdn.com/img/bao/uploaded/i4/i1/884012584/O1CN011UxVtqocmkgH8DY_!!0-item_pic.jpg,盼盼肉松饼整箱 早餐糕点小吃面包美食零食食品批发2100g,66.80,395人付款,盼盼食品官方旗舰店,44066319526
http://g-search3.alicdn.com/img/bao/uploaded/i4/i3/2074610218/TB1uFFMaCMmBKNjSZTEXXasKpXa_!!0-item_pic.jpg,一生缘手磨豆干1000g散装零食麻辣条豆腐干休闲小吃重庆特色美食,29.80,820人付款,一生缘旗舰店,39762818983
http://g-search2.alicdn.com/img/bao/uploaded/i4/i1/1719214398/O1CN011iMKMwhbE5iMJo2_!!0-item_pic.jpg,沈大成糕点桂花拉糕 上海特产老字号 传统糯米糕点心 网红美食,29.90,5835人付款,沈大成旗舰店,562503062898
http://g-search3.alicdn.com/img/bao/uploaded/i4/i2/3077130406/O1CN011ErzGgGHt9qhpPH_!!0-item_pic.jpg,藤桥牌美味鸭舌 500g温州特产小吃美食酱鸭舌 休闲肉类零食鸭舌,168.00,69人付款,夏方小铺食品专营店,547474026888
http://g-search3.alicdn.com/img/bao/uploaded/i4/i4/2928298298/O1CN01stcJfZ2BAX1hqR9ag_!!0-item_pic.jpg,芝片酥正宗安徽特产芝麻薄脆饼干美食糕点心芝麻煎饼传统手工零食,19.90,415人付款,昱城食品旗舰店,573496502951
http://g-search2.alicdn.com/img/bao/uploaded/i4/i2/3416988900/O1CN012FcFSOYdfhoqFtH_!!0-item_pic.jpg,a1手工蛋黄酥雪媚娘麻薯55g*6枚/盒传统糕点美食网红零食小吃特产,44.90,5474人付款,a1爱逸旗舰店,569086253210
http://g-search2.alicdn.com/img/bao/uploaded/i4/i3/1690441726/O1CN011OcY4v7GG7SjOTT_!!0-item_pic.jpg,修文鸭舌温州特产酱鸭舌酱卤鸭舌头特色美食小吃休闲零食净重480g,157.00,107人付款,修文食品官方旗舰店,18475725020
http://g-search3.alicdn.com/img/bao/uploaded/i4/i4/1692258071/O1CN01v2EZBM29UZ7QPaQba_!!0-item_pic.jpg,稻香村牛舌饼360G*2 好吃的传统特产特色糕点心酥皮美食小吃零食,35.90,2454人付款,稻香村食品旗舰店,528121444435
http://g-search3.alicdn.com/img/bao/uploaded/i4/i3/190903296/O1CN01oXdBzt1aDbuGWjqKe_!!0-item_pic.jpg,五芳斋绿豆糕伴手礼 桂花糕冰糕点心休闲小吃零食绿豆饼好吃美食,29.90,5569人付款,五芳斋官方旗舰店,525868263309
http://g-search1.alicdn.com/img/bao/uploaded/i4/imgextra/i2/25129181/TB2vriZeWmWBuNjy1XaXXXCbXXa_!!0-saturn_solar.jpg,俄罗斯鹅肝酱进口罐头食品法式开罐即食早餐,9.90,1074人付款,范特西篮球销售01,17601882521
http://g-search1.alicdn.com/img/bao/uploaded/i4/imgextra/i2/120466524/TB29a_fnjTpK1RjSZKPXXa3UpXa_!!0-saturn_solar.jpg,休闲农场三明治夹心蒸蛋糕面包糕点心早餐整,19.80,20114人付款,休闲农场卡逗专卖店,544409681049
http://g-search1.alicdn.com/img/bao/uploaded/i4/imgextra/i3/117975361/TB2VgCab7fb_uJkSnb4XXXCrXXa_!!0-saturn_solar.jpg,烤兔四川麻辣兔肉冷吃兔整成都特色美食小吃,56.50,607人付款,兴宇翔食品有限公司,534110725970
http://g-search1.alicdn.com/img/bao/uploaded/i4/i4/1050175285/O1CN01BHLPJS1ouZgH69RKR_!!0-item_pic.jpg,陈昌银麻花400g*4袋重庆磁器口陈麻花传统美食小吃麻花零食,46.80,879人付款,盾皇食品专营店,42829886869
http://g-search2.alicdn.com/img/bao/uploaded/i4/i1/2256564658/O1CN011kHPLYsPeR9S5NZ_!!0-item_pic.jpg,绝艺香辣猪脆骨小吃美食成人款休闲食品下酒菜宿舍好吃的小零食女,28.80,7250人付款,绝艺食品旗舰店,42767418568
http://g-search3.alicdn.com/img/bao/uploaded/i4/i4/3236993427/TB2e1H4cVzqK1RjSZFzXXXjrpXa_!!3236993427-0-item_pic.jpg,诱见雪花酥糕点礼盒装饼干坚果抹茶草莓网红零食手工自制ins美食,39.90,2019人付款,诱见旗舰店,566534199089
http://g-search1.alicdn.com/img/bao/uploaded/i4/i1/2056495299/TB1iLsAmSzqK1RjSZFpXXakSXXa_!!0-item_pic.jpg,你好成功蜜汁鸡翅福鼎特产美食肉类零食大礼包卤味熟食小吃真空装,49.50,333人付款,成功食品专营店,530939590276
http://g-search3.alicdn.com/img/bao/uploaded/i4/i4/2363417602/TB2RH7Zt_qWBKNjSZFAXXanSpXa_!!2363417602-0-item_pic.jpg,永祥和闻喜煮饼418g*2盒装山西特产传统美食休闲零食品糕点心包邮,34.90,213人付款,永祥和旗舰店,536803414804
http://g-search2.alicdn.com/img/bao/uploaded/i4/i3/1720086049/O1CN011uYUGRMKtBOeil3_!!2-item_pic.png,赵老师麻饼700g*2袋四川特产早餐美食休闲零食品传统手工糕点饼干,34.90,2656人付款,醇厚食品专营店,535812731746
http://g-search1.alicdn.com/img/bao/uploaded/i4/i2/3848240093/O1CN011CYdIripWUqtg97_!!0-item_pic.jpg,杨震金牌鸭王南京美食水西门正宗特产烤鸭整只即食1400g顺丰包邮,68.00,396人付款,杨震卤菜食品旗舰店,566936550641
http://g-search3.alicdn.com/img/bao/uploaded/i4/i4/628189716/O1CN012Ldye2ZfOMByN0g_!!0-item_pic.jpg,预售【百草味-蛋黄酥50gx8只】网红零食小吃手工糕点美食雪媚娘,59.00,0人付款,百草味旗舰店,574845995456
http://g-search3.alicdn.com/img/bao/uploaded/i4/i4/1668473661/O1CN011cumSfDoMKdz08u_!!0-item_pic.jpg,宫御坊老北京特产大礼包京八件礼盒零食小吃美食驴打滚果脯龙须酥,22.80,1708人付款,宫御坊旗舰店,521777337471
http://g-search2.alicdn.com/img/bao/uploaded/i4/i4/681185851/O1CN011t5nqv0wfehwkHu_!!0-item_pic.jpg,轩妈家蛋黄酥55g*6枚/盒手工雪媚娘麻薯糕点美食早餐网红零食小吃,45.00,2829人付款,猫诚旗舰店,573299043520
http://g-search3.alicdn.com/img/bao/uploaded/i4/i1/2874822788/O1CN01p4ZIcY1WSwhm1K0dv_!!0-item_pic.jpg,藤桥牌温州风味特产 鸭肫 鸭胗零食小包装 酱香卤味美食称重500g,59.90,234人付款,藤桥牌旗舰店,531105018259
http://g-search1.alicdn.com/img/bao/uploaded/i4/i2/TB15rXZQFXXXXaDXpXXXXXXXXXX_!!0-item_pic.jpg,清梅居香酥牛肉干250g自封口办公零食休闲美食小吃特产厂家直销,74.00,146人付款,清梅居旗舰店,7996778016
http://g-search3.alicdn.com/img/bao/uploaded/i4/i4/628189716/TB1PwFZm9zqK1RjSZFHXXb3CpXa_!!0-item_pic.jpg,【百草味-精制猪肉脯200gx2袋】靖江肉干肉片 零食肉类小吃美食,37.90,1113人付款,百草味旗舰店,20141392239
http://g-search2.alicdn.com/img/bao/uploaded/i4/i3/3035361594/O1CN011Ne5n0BpZGduCgg_!!3035361594.png,爱民螺蛳粉6袋礼盒方便速食香辣螺丝粉广西特产柳州美食螺狮粉,72.00,424人付款,何氏爱民旗舰店,550906742078
http://g-search3.alicdn.com/img/bao/uploaded/i4/i3/2176985097/O1CN017m279X1nWTDh5QqU6_!!0-item_pic.jpg,南萃坊流心蛋黄饼20个800克传统糕点办公室网红零食小吃美食整箱,32.80,4606人付款,南萃坊旗舰店,560681643797
http://g-search2.alicdn.com/img/bao/uploaded/i4/i1/3083026886/TB1DfBDm9zqK1RjSZFHXXb3CpXa_!!0-item_pic.jpg,沈万三 周庄特产美食沈万三蹄猪蹄髈猪肘酱肘子1000克肉类熟食,39.80,1319人付款,沈万三旗舰店,563916195257
http://g-search2.alicdn.com/img/bao/uploaded/i4/i1/1710666191/O1CN01qJaWcw1vbWW72KuPX_!!0-item_pic.jpg,松鼠网红小吃货零食大礼包组合整箱超大混装好吃不贵的坚果美食女,29.80,2692人付款,享食者旗舰店,578823410002
http://g-search3.alicdn.com/img/bao/uploaded/i4/i3/3384705366/O1CN01Y7EelH1pVflM72XkV_!!0-item_pic.jpg,百草味零食大礼包一整箱女吃的小吃休闲食品好吃不贵麻辣卤味美食,65.70,804人付款,丽路食品专营店,569398501083
http://g-search1.alicdn.com/img/bao/uploaded/i4/i2/619123122/O1CN01yIWWZ91YvuzUliPSW_!!0-item_pic.jpg,良品铺子零食大礼包抖音网红小吃整箱混装美食批发3380g,235.00,8人付款,良品铺子旗舰店,580779723478
http://g-search2.alicdn.com/img/bao/uploaded/i4/i3/619123122/TB18uYymNjaK1RjSZKzXXXVwXXa_!!0-item_pic.jpg,良品铺子甜辣鸭掌卤味真空美食小吃特产零食熟食小包装155gx1袋,21.90,1495人付款,良品铺子旗舰店,566284946630
http://g-search2.alicdn.com/img/bao/uploaded/i4/i1/725677994/O1CN019Khj0y28vIcjDq6wm_!!0-item_pic.jpg,百草味 华夫饼手撕夹心面包800g 早餐食品零食美食小吃,39.90,6974人付款,天猫超市,574628357645
http://g-search1.alicdn.com/img/bao/uploaded/i4/i2/725677994/O1CN0128vIckeUMRAB1Gq_!!0-item_pic.jpg,顶丰皇室曲奇90g*4办公室美味美食休闲零食饼干,39.90,3263人付款,天猫超市,575326699564
http://g-search1.alicdn.com/img/bao/uploaded/i4/i3/725677994/O1CN011GGTd628vIcjVd3sQ_!!725677994-0-sm.jpg,老刘头淮南牛肉汤原味105g*2桶汤味醇厚回味无穷舌尖上的中国美食,24.00,120人付款,天猫超市,574413312009
http://g-search1.alicdn.com/img/bao/uploaded/i4/i4/725677994/O1CN01TmKcPd28vIciRYaGK_!!0-item_pic.jpg,科尔沁麻辣牛肉干105g休闲零食麻辣牛肉条川味美食女生好吃的,9.99,55540人付款,天猫超市,538311861893
http://g-search3.alicdn.com/img/bao/uploaded/i4/i1/725677994/O1CN01XXxLRb28vIchaq7xj_!!0-item_pic.jpg,陈昌银陈麻花手工小麻花小辫828g重庆特产传统美食小吃零食礼盒装,36.60,323人付款,天猫超市,552573112584
http://g-search3.alicdn.com/img/bao/uploaded/i4/i2/3017400344/O1CN011EPaic7xucT3K5A_!!0-item_pic.jpg,【新品小龙虾味】好欢螺螺蛳粉柳州特产美食螺狮粉320gx5袋螺丝粉,69.50,3463人付款,好欢螺旗舰店,576104152725
http://g-search3.alicdn.com/img/bao/uploaded/i4/i1/3282604381/O1CN01Ux3CMV1iEXdaalxW4_!!0-item_pic.jpg,轩妈家奶酪蔓越莓酥55g*4枚 蔓越莓网红糕点点心美食早餐零食,51.80,363人付款,轩妈食品旗舰店,579761517011
http://g-search3.alicdn.com/img/bao/uploaded/i4/i1/3282604381/O1CN011iEXdWgkFNljZKK_!!0-item_pic.jpg,轩妈家奶心椰蓉酥55g*6枚装 酥糕点点心美食早餐休闲零食,55.80,732人付款,轩妈食品旗舰店,578025294919
http://g-search3.alicdn.com/img/bao/uploaded/i4/i4/880734502/O1CN01DtuNud1j7xYqiKeAV_!!0-item_pic.jpg,【三只松鼠_蔓越莓曲奇饼干260g】办公室代餐零食早餐手工美食,18.90,41428人付款,三只松鼠旗舰店,520138334858
http://g-search2.alicdn.com/img/bao/uploaded/i4/i4/3017400344/O1CN011EPaiKsceFPF5X6_!!0-item_pic.jpg,【双11预售】好欢螺_螺蛳粉300g*4袋搭配400g*4袋柳州特产美食,100.00,0人付款,好欢螺旗舰店,560622435689
http://g-search1.alicdn.com/img/bao/uploaded/i4/i2/880734502/O1CN011j7xYYBVCbL3coi_!!0-item_pic.jpg,双11预售【三只松鼠_豆干大礼包6袋装/1030g】零食美食美味特产,59.90,4人付款,三只松鼠旗舰店,578223438768
http://g-search3.alicdn.com/img/bao/uploaded/i4/i4/1627365099/O1CN011nXO0s6ldqWCC9X_!!0-item_pic.jpg,樱桃盐水鸭南京特产咸水鸭卤味熟食正宗江苏美食咸板鸭肉类零食品,29.90,2193人付款,q味一族食品旗舰店,18106969746
http://g-search3.alicdn.com/img/bao/uploaded/i4/i3/2112833578/O1CN011cIlayZQ3ezBIuY_!!0-item_pic.jpg,港荣奶香蒸蛋糕点点心 整箱营养早餐零食品美食手撕小吃面包邮,71.00,332人付款,港荣食品旗舰店,39495186846
http://g-search1.alicdn.com/img/bao/uploaded/i4/i4/2208354929/TB1pRI9XxnaK1RjSZFtXXbC2VXa_!!0-item_pic.jpg,三禾北京稻香村 北京老字号 饼饼有礼美食糕点特色礼盒送礼佳选,168.00,300人付款,北京稻香村旗舰店,45317232843
http://g-search3.alicdn.com/img/bao/uploaded/i4/i2/1692258071/O1CN0129UZ7Q9kYhEcxR6_!!0-item_pic.jpg,稻香村芝麻瓦片450g好吃传统糕点点心饼干休闲零食品美食特产小吃,29.90,970人付款,稻香村食品旗舰店,532139501049
http://g-search2.alicdn.com/img/bao/uploaded/i4/i2/2426328732/O1CN012ENIug4fHkssesA_!!0-item_pic.jpg,麻辣鸡翅尖80只咚咚香辣肉类即食零食美食小吃休闲食品成人款整箱,19.90,1608人付款,馋馋嘴食品专营店,554546037461
http://g-search3.alicdn.com/img/bao/uploaded/i4/i4/748771569/TB1Q42Nm3DqK1RjSZSyXXaxEVXa_!!0-item_pic.jpg,每天有面包 坚果夹心吐司面包列巴早餐营养糕点美食网红零食整箱,32.80,1619人付款,泓一食品旗舰店,577724977892
http://g-search1.alicdn.com/img/bao/uploaded/i4/i3/2453625574/O1CN011r2w8uWRwnLSbLj_!!0-item_pic.jpg,肖三婆【聚惠之选】川味美食礼盒 肉类零食大礼包春节年货送礼品,115.00,107人付款,肖三婆旗舰店,559414235225
http://g-search1.alicdn.com/img/bao/uploaded/i4/i1/2081447352/O1CN011htnPt24BGLhTNkCv_!!2081447352.jpg,无穷烤鸡小腿20只260g办公室蜂蜜味香辣味鸡腿鸡肉美食零食品小吃,24.90,996人付款,玛雅食品专营店,562809499244
http://g-search3.alicdn.com/img/bao/uploaded/i4/i3/2455221099/O1CN01zV5wcz1JzNkTElPyr_!!0-item_pic.jpg,好利来玫瑰蛋黄酥糕点点心零食小吃美食,92.00,1366人付款,好利来官方旗舰店,552748138197
http://g-search3.alicdn.com/img/bao/uploaded/i4/i1/681185851/O1CN011t5nqnM0D19ViAt_!!0-item_pic.jpg,轩妈家蛋黄酥55g*6枚2盒手工网红糕点美食早餐零食小吃雪媚娘麻薯,89.00,793人付款,猫诚旗舰店,573201460338
