http://souche.oss-cn-hangzhou.aliyuncs.com/20180517/jpg/e67aee0f6486e5f008b90c863f153d1a.jpg,限量60台
http://souche.oss-cn-hangzhou.aliyuncs.com/20180423/jpg/a556b6643d4c8ad6e0f39eee99c85701.jpg,限量200台
http://souche.oss-cn-hangzhou.aliyuncs.com/20180423/jpg/06ba92cf1d18118dbd01e7b78f77bdec.jpg,限量200台
http://souche.oss-cn-hangzhou.aliyuncs.com/20180423/jpg/48076869e9258dd4b0937d4fe46cb14f.jpg,限量500台
http://souche.oss-cn-hangzhou.aliyuncs.com/20180423/jpg/c0ab69548efa3bb96f6d9c5c9a3cb802.jpg,日供83元
http://souche.oss-cn-hangzhou.aliyuncs.com/20180510/jpg/d53111932322c17906e5e72344f93ee3.jpg,日供64元
http://souche.oss-cn-hangzhou.aliyuncs.com/20180426/jpg/05d5160eb6c919b97e4bf394b5e849d0.jpg,日供64元
http://souche.oss-cn-hangzhou.aliyuncs.com/20180423/jpg/cd46c82583fc9854621a3b9320f14a12.jpg,日供96元
http://souche.oss-cn-hangzhou.aliyuncs.com/20180423/jpg/dca25097051b4d78be708fd1b8007b5e.jpg,直降9600
http://souche.oss-cn-hangzhou.aliyuncs.com/20180709/jpg/db49418409d3b15c8b2d2d0814de377b.jpg,直降7200
http://souche.oss-cn-hangzhou.aliyuncs.com/20180720/jpg/9f6cb40bb9da2c02b81a24d67534d2d3.jpg,直降7200
http://souche.oss-cn-hangzhou.aliyuncs.com/20180504/jpg/1309299daf84e675d9f3e1ea06d025bd.jpg,直降36000
http://souche.oss-cn-hangzhou.aliyuncs.com/20180517/jpg/e67aee0f6486e5f008b90c863f153d1a.jpg,限量60台,福特
http://souche.oss-cn-hangzhou.aliyuncs.com/20180423/jpg/a556b6643d4c8ad6e0f39eee99c85701.jpg,限量200台,大众
http://souche.oss-cn-hangzhou.aliyuncs.com/20180423/jpg/06ba92cf1d18118dbd01e7b78f77bdec.jpg,限量200台,英菲尼迪
http://souche.oss-cn-hangzhou.aliyuncs.com/20180423/jpg/48076869e9258dd4b0937d4fe46cb14f.jpg,限量500台,日产
http://souche.oss-cn-hangzhou.aliyuncs.com/20180423/jpg/c0ab69548efa3bb96f6d9c5c9a3cb802.jpg,日供83元,起亚
http://souche.oss-cn-hangzhou.aliyuncs.com/20180510/jpg/d53111932322c17906e5e72344f93ee3.jpg,日供64元,比亚迪
http://souche.oss-cn-hangzhou.aliyuncs.com/20180426/jpg/05d5160eb6c919b97e4bf394b5e849d0.jpg,日供64元,雪佛兰
http://souche.oss-cn-hangzhou.aliyuncs.com/20180423/jpg/cd46c82583fc9854621a3b9320f14a12.jpg,日供96元,大众
http://souche.oss-cn-hangzhou.aliyuncs.com/20180423/jpg/dca25097051b4d78be708fd1b8007b5e.jpg,直降9600,日产
http://souche.oss-cn-hangzhou.aliyuncs.com/20180709/jpg/db49418409d3b15c8b2d2d0814de377b.jpg,直降7200,奥迪
http://souche.oss-cn-hangzhou.aliyuncs.com/20180720/jpg/9f6cb40bb9da2c02b81a24d67534d2d3.jpg,直降7200,日产
http://souche.oss-cn-hangzhou.aliyuncs.com/20180504/jpg/1309299daf84e675d9f3e1ea06d025bd.jpg,直降36000,捷豹
http://souche.oss-cn-hangzhou.aliyuncs.com/20180517/jpg/e67aee0f6486e5f008b90c863f153d1a.jpg,限量60台,福特,福特翼搏
http://souche.oss-cn-hangzhou.aliyuncs.com/20180423/jpg/a556b6643d4c8ad6e0f39eee99c85701.jpg,限量200台,大众,大众桑塔纳
http://souche.oss-cn-hangzhou.aliyuncs.com/20180423/jpg/06ba92cf1d18118dbd01e7b78f77bdec.jpg,限量200台,英菲尼迪,英菲尼迪Q50L
http://souche.oss-cn-hangzhou.aliyuncs.com/20180423/jpg/48076869e9258dd4b0937d4fe46cb14f.jpg,限量500台,日产,日产奇骏
http://souche.oss-cn-hangzhou.aliyuncs.com/20180423/jpg/c0ab69548efa3bb96f6d9c5c9a3cb802.jpg,日供83元,起亚,起亚KX CROSS
http://souche.oss-cn-hangzhou.aliyuncs.com/20180510/jpg/d53111932322c17906e5e72344f93ee3.jpg,日供64元,比亚迪,比亚迪F0
http://souche.oss-cn-hangzhou.aliyuncs.com/20180426/jpg/05d5160eb6c919b97e4bf394b5e849d0.jpg,日供64元,雪佛兰,雪佛兰赛欧
http://souche.oss-cn-hangzhou.aliyuncs.com/20180423/jpg/cd46c82583fc9854621a3b9320f14a12.jpg,日供96元,大众,大众POLO
http://souche.oss-cn-hangzhou.aliyuncs.com/20180423/jpg/dca25097051b4d78be708fd1b8007b5e.jpg,直降9600,日产,日产骊威
http://souche.oss-cn-hangzhou.aliyuncs.com/20180709/jpg/db49418409d3b15c8b2d2d0814de377b.jpg,直降7200,奥迪,奥迪Q3
http://souche.oss-cn-hangzhou.aliyuncs.com/20180720/jpg/9f6cb40bb9da2c02b81a24d67534d2d3.jpg,直降7200,日产,日产逍客
http://souche.oss-cn-hangzhou.aliyuncs.com/20180504/jpg/1309299daf84e675d9f3e1ea06d025bd.jpg,直降36000,捷豹,捷豹XFL
