动物图集：鳄鱼美图集,http://toutiao.com/group/6594735427628827149/,"['http://p1.pstatp.com/origin/pgc-image/1535456482690aec8e12a3d', 'http://p99.pstatp.com/origin/pgc-image/1535456486960503b9175a9', 'http://p3.pstatp.com/origin/pgc-image/15354564877353355b04d1f', 'http://p3.pstatp.com/origin/pgc-image/1535456489026fa6aab1145', 'http://p9.pstatp.com/origin/pgc-image/15354564916096eb549a079', 'http://p1.pstatp.com/origin/pgc-image/1535456492529c41d6e9a7e', 'http://p99.pstatp.com/origin/pgc-image/15354564932661a209dc7b2', 'http://p1.pstatp.com/origin/pgc-image/15354564941092ae80ce44f']"
摄影图集：车展系列图集,http://toutiao.com/group/6413709819823948033/,"['http://p3.pstatp.com/origin/1db8000476740ccf9ece', 'http://p3.pstatp.com/origin/1dbc000320245ef5078b', 'http://p99.pstatp.com/origin/1dba000320c1b8e82aa1', 'http://p99.pstatp.com/origin/1db9000607d627eca29f', 'http://p3.pstatp.com/origin/1dbd0002f95500ade535', 'http://p99.pstatp.com/origin/1dba000320c3297e955e', 'http://p99.pstatp.com/origin/1dbc0003202a88fee059', 'http://p1.pstatp.com/origin/1db80004767b2a913137', 'http://p1.pstatp.com/origin/1c6c00060bc7aaebd8b5', 'http://p99.pstatp.com/origin/1db9000607e12488109c', 'http://p99.pstatp.com/origin/1db80004768244e3af96']"
动物图集：可爱动物图集,http://toutiao.com/group/6454499182408368654/,"['http://p99.pstatp.com/origin/32290002fe9eec1a3d9f', 'http://p1.pstatp.com/origin/320d000360f2cda3483c', 'http://p99.pstatp.com/origin/320e0000031acbbc1d7e', 'http://p1.pstatp.com/origin/322b00037323e2ee6131', 'http://p99.pstatp.com/origin/320e0000031cc5816455', 'http://p3.pstatp.com/origin/320d000360f8e18a4e70', 'http://p3.pstatp.com/origin/32290002fea83839cb4c', 'http://p3.pstatp.com/origin/321b000010dfe483d8ef', 'http://p1.pstatp.com/origin/320800001272dad944e3']"
动物图集：褐马鸡图集,http://toutiao.com/group/6403145656224039169/,"['http://p99.pstatp.com/origin/19f50006ba1b892a5654', 'http://p99.pstatp.com/origin/19fb0000cab937cb08ae', 'http://p9.pstatp.com/origin/19f20006bb12c5a57278', 'http://p99.pstatp.com/origin/19f20006bb1bbf29ec1b', 'http://p1.pstatp.com/origin/19f70006c531e431e2e2', 'http://p99.pstatp.com/origin/19f20006bb24ad5b06d2', 'http://p1.pstatp.com/origin/19f80006b7d1db1df634', 'http://p1.pstatp.com/origin/19fb0000caf65fa1837a']"
动物图集：鳄鱼美图集,http://toutiao.com/group/6594735427628827149/,"['http://p1.pstatp.com/origin/pgc-image/1535456482690aec8e12a3d', 'http://p99.pstatp.com/origin/pgc-image/1535456486960503b9175a9', 'http://p3.pstatp.com/origin/pgc-image/15354564877353355b04d1f', 'http://p3.pstatp.com/origin/pgc-image/1535456489026fa6aab1145', 'http://p9.pstatp.com/origin/pgc-image/15354564916096eb549a079', 'http://p1.pstatp.com/origin/pgc-image/1535456492529c41d6e9a7e', 'http://p99.pstatp.com/origin/pgc-image/15354564932661a209dc7b2', 'http://p1.pstatp.com/origin/pgc-image/15354564941092ae80ce44f']"
摄影图集：车展系列图集,http://toutiao.com/group/6413709819823948033/,"['http://p3.pstatp.com/origin/1db8000476740ccf9ece', 'http://p3.pstatp.com/origin/1dbc000320245ef5078b', 'http://p99.pstatp.com/origin/1dba000320c1b8e82aa1', 'http://p99.pstatp.com/origin/1db9000607d627eca29f', 'http://p3.pstatp.com/origin/1dbd0002f95500ade535', 'http://p99.pstatp.com/origin/1dba000320c3297e955e', 'http://p99.pstatp.com/origin/1dbc0003202a88fee059', 'http://p1.pstatp.com/origin/1db80004767b2a913137', 'http://p1.pstatp.com/origin/1c6c00060bc7aaebd8b5', 'http://p99.pstatp.com/origin/1db9000607e12488109c', 'http://p99.pstatp.com/origin/1db80004768244e3af96']"
动物图集：沙皮犬图集1,http://toutiao.com/group/6418015296908804353/,"['http://p1.pstatp.com/origin/1f8800030c693bd8d9ab', 'http://p99.pstatp.com/origin/1f81000030a95612233f', 'http://p3.pstatp.com/origin/1f87000313dffce2d21c', 'http://p3.pstatp.com/origin/1dc90000405e656158d8', 'http://p1.pstatp.com/origin/1f8800030c6ac8d82323', 'http://p3.pstatp.com/origin/1f87000313e0d3fbd153', 'http://p3.pstatp.com/origin/1f8800030c6bf34fbadd', 'http://p9.pstatp.com/origin/1dc90000406198998e52']"
动物图集：可爱动物图集,http://toutiao.com/group/6454499182408368654/,"['http://p99.pstatp.com/origin/32290002fe9eec1a3d9f', 'http://p1.pstatp.com/origin/320d000360f2cda3483c', 'http://p99.pstatp.com/origin/320e0000031acbbc1d7e', 'http://p1.pstatp.com/origin/322b00037323e2ee6131', 'http://p99.pstatp.com/origin/320e0000031cc5816455', 'http://p3.pstatp.com/origin/320d000360f8e18a4e70', 'http://p3.pstatp.com/origin/32290002fea83839cb4c', 'http://p3.pstatp.com/origin/321b000010dfe483d8ef', 'http://p1.pstatp.com/origin/320800001272dad944e3']"
图集｜3000万的车就是狠，车钥匙都不一样！网友：送给你都开不走,http://toutiao.com/group/6619074043272233476/,"['http://p1.pstatp.com/origin/pgc-image/1541123107722d5543ecdc8', 'http://p1.pstatp.com/origin/pgc-image/15411231077083340d94bf7', 'http://p3.pstatp.com/origin/pgc-image/154112310769832c5597e38', 'http://p99.pstatp.com/origin/pgc-image/15411231077104a6e716758', 'http://p99.pstatp.com/origin/pgc-image/154112310774588e93e58bb', 'http://p99.pstatp.com/origin/pgc-image/1541123107850c5a42dc6fa', 'http://p99.pstatp.com/origin/pgc-image/1541123107850675249f8fc']"
落下枝头，枸杞的一天（药材美图集，枸杞初加工过程）,http://toutiao.com/group/6619070240246465038/,"['http://p1.pstatp.com/origin/pgc-image/154112044602406566ef4d7', 'http://p1.pstatp.com/origin/pgc-image/154112044602578a856d4d9', 'http://p9.pstatp.com/origin/pgc-image/15411204460479c6f05652b', 'http://p9.pstatp.com/origin/pgc-image/154112044602854407bc4d8', 'http://p1.pstatp.com/origin/pgc-image/15411204460705f28696ab2', 'http://p99.pstatp.com/origin/pgc-image/1541120446075446643d094', 'http://p1.pstatp.com/origin/pgc-image/15411204462183823f984a5', 'http://p3.pstatp.com/origin/pgc-image/15411204462086a91e086f5', 'http://p1.pstatp.com/origin/pgc-image/1541120446289a160ac75f1', 'http://p3.pstatp.com/origin/pgc-image/1541120446278e12e6a7187']"
动物图集：褐马鸡图集,http://toutiao.com/group/6403145656224039169/,"['http://p99.pstatp.com/origin/19f50006ba1b892a5654', 'http://p99.pstatp.com/origin/19fb0000cab937cb08ae', 'http://p9.pstatp.com/origin/19f20006bb12c5a57278', 'http://p99.pstatp.com/origin/19f20006bb1bbf29ec1b', 'http://p1.pstatp.com/origin/19f70006c531e431e2e2', 'http://p99.pstatp.com/origin/19f20006bb24ad5b06d2', 'http://p1.pstatp.com/origin/19f80006b7d1db1df634', 'http://p1.pstatp.com/origin/19fb0000caf65fa1837a']"
风景图集：罗布泊高清图集,http://toutiao.com/group/6448912825779667214/,"['http://p99.pstatp.com/origin/31d500026b0e6c6dd6b6', 'http://p1.pstatp.com/origin/31db0001793237a50a48', 'http://p99.pstatp.com/origin/31d300001954ebdc973e', 'http://p1.pstatp.com/origin/31dd00024c021628b20c', 'http://p1.pstatp.com/origin/31d800000c9667ffa0cb', 'http://p3.pstatp.com/origin/31d500026b1509d24498', 'http://p99.pstatp.com/origin/31d700028721c1ed4860', 'http://p3.pstatp.com/origin/31d900025b9e8c737984']"
高清图集-长城高清图集,http://toutiao.com/group/6440629612955861250/,"['http://p99.pstatp.com/origin/2c47000329baac520e51', 'http://p1.pstatp.com/origin/2c4200018de430bc6742', 'http://p99.pstatp.com/origin/2eb80003b8bd0caf7630', 'http://p99.pstatp.com/origin/2eb900019795b1348a38', 'http://p3.pstatp.com/origin/2c4200018ded7ea0cfaf', 'http://p1.pstatp.com/origin/2c3e00015435a04a9925', 'http://p99.pstatp.com/origin/2eb90001979eab032f9c', 'http://p99.pstatp.com/origin/2eb9000197a0c0c6ddc8']"
谁想把这只可爱的小兔子带回家？,http://toutiao.com/group/6619049959868072462/,"['http://p3.pstatp.com/origin/pgc-image/1541117631135d4ef25f768', 'http://p1.pstatp.com/origin/pgc-image/15411176312607414f5eca1', 'http://p9.pstatp.com/origin/pgc-image/154111763276522c9a4d9d8', 'http://p1.pstatp.com/origin/pgc-image/1541117631973930d0cbdfc', 'http://p3.pstatp.com/origin/pgc-image/154111763217641a3d1d286', 'http://p3.pstatp.com/origin/pgc-image/15411176316545c5b4ee812', 'http://p99.pstatp.com/origin/pgc-image/1541117632504cd9d843ce1', 'http://p1.pstatp.com/origin/pgc-image/1541117632659c6d4d6ffb7']"
图集推荐：倔强不服输的性格,http://toutiao.com/group/6619080273071964685/,"['http://p99.pstatp.com/origin/pgc-image/1541120839929c92f116f09', 'http://p99.pstatp.com/origin/pgc-image/15411208379151d96a84bf9', 'http://p3.pstatp.com/origin/pgc-image/15411208368317ea96a1193', 'http://p1.pstatp.com/origin/pgc-image/15411208382971699c19085', 'http://p1.pstatp.com/origin/pgc-image/15411208385272e14367394']"
高清图集-三亚高清图集,http://toutiao.com/group/6441172576416350465/,"['http://p1.pstatp.com/origin/2ec20000845d371940c2', 'http://p1.pstatp.com/origin/2ebc0000cbee319c06c6', 'http://p99.pstatp.com/origin/2eba0003280728bd03fc', 'http://p1.pstatp.com/origin/2eb700032173f0265af6', 'http://p3.pstatp.com/origin/2ebb00026b0a56d20198', 'http://p1.pstatp.com/origin/2ebc0000cbef30af5ef9', 'http://p3.pstatp.com/origin/2ebf0000bfc4d5572ee1', 'http://p3.pstatp.com/origin/2eb700032174ecc9ead6']"
金庸作品图集,http://toutiao.com/group/6618124547356885507/,"['http://p1.pstatp.com/origin/pgc-image/1540902154882be6dd5d06b', 'http://p3.pstatp.com/origin/pgc-image/1540902098474d146f0c176', 'http://p3.pstatp.com/origin/pgc-image/154090211224427172a7c4b', 'http://p3.pstatp.com/origin/pgc-image/154090212145758594405f5', 'http://p1.pstatp.com/origin/pgc-image/1540902160466b7405ee3c7', 'http://p99.pstatp.com/origin/pgc-image/1540902154911c8073791f2', 'http://p3.pstatp.com/origin/pgc-image/15409021547888327571180', 'http://p99.pstatp.com/origin/pgc-image/1540902155369d72a2dc80e', 'http://p99.pstatp.com/origin/pgc-image/15409021536679a2ac2bef8']"
「图集」多地气象部门深入秋冬一线 开展为农服务,http://toutiao.com/group/6619094597308006919/,"['http://p99.pstatp.com/origin/pgc-image/15411278910612d3f8307cc', 'http://p3.pstatp.com/origin/pgc-image/1541127890883ce64659d2b', 'http://p3.pstatp.com/origin/pgc-image/154112789089587d951b975', 'http://p99.pstatp.com/origin/pgc-image/1541127891748ad2e0c90e6']"
总有一个是你喜欢的类型,http://toutiao.com/group/6619050405676466692/,"['http://p1.pstatp.com/origin/pgc-image/15411177524874232ae6357', 'http://p9.pstatp.com/origin/pgc-image/1541117748649b097e13e8e', 'http://p3.pstatp.com/origin/pgc-image/1541117748769f17c48c7e5', 'http://p3.pstatp.com/origin/pgc-image/154111775040499a61ef392', 'http://p1.pstatp.com/origin/pgc-image/15411177438231d10aa8ab8', 'http://p3.pstatp.com/origin/pgc-image/1541117747081ef3f43acc2', 'http://p99.pstatp.com/origin/pgc-image/15411177493051a94e27e11', 'http://p1.pstatp.com/origin/pgc-image/1541117752361c1f7ab602d']"
高清图集-洞庭湖高清图集,http://toutiao.com/group/6440972368239542530/,"['http://p1.pstatp.com/origin/2eba0001031574fec2fb', 'http://p3.pstatp.com/origin/2c3e00033466b1f196f9', 'http://p1.pstatp.com/origin/2eb70000ff4514325701', 'http://p99.pstatp.com/origin/2c3e00033470bbd1c33a', 'http://p1.pstatp.com/origin/2eb70000ff5088be8b6a', 'http://p3.pstatp.com/origin/2c4200036de1cab34eac', 'http://p3.pstatp.com/origin/2eba000103424cc6ce4a', 'http://p1.pstatp.com/origin/2c44000360ee4e39f158']"
高清图集-长白山高清图集,http://toutiao.com/group/6440244849349886210/,"['http://p1.pstatp.com/origin/2c410004648a8bd17604', 'http://p9.pstatp.com/origin/2c48000465eb06301de5', 'http://p3.pstatp.com/origin/2eb60001c16b95ac948b', 'http://p3.pstatp.com/origin/2c3900046748b297ac0e', 'http://p3.pstatp.com/origin/2eb80001c39b5e921622', 'http://p99.pstatp.com/origin/2c3b000474429fdd0fa2', 'http://p3.pstatp.com/origin/2c3b000474487db755a6', 'http://p1.pstatp.com/origin/2c3b0004744b3125e50d']"
落下枝头，枸杞的一天（药材美图集，枸杞初加工过程）,http://toutiao.com/group/6619070240246465038/,"['http://p1.pstatp.com/origin/pgc-image/154112044602406566ef4d7', 'http://p1.pstatp.com/origin/pgc-image/154112044602578a856d4d9', 'http://p9.pstatp.com/origin/pgc-image/15411204460479c6f05652b', 'http://p9.pstatp.com/origin/pgc-image/154112044602854407bc4d8', 'http://p1.pstatp.com/origin/pgc-image/15411204460705f28696ab2', 'http://p99.pstatp.com/origin/pgc-image/1541120446075446643d094', 'http://p1.pstatp.com/origin/pgc-image/15411204462183823f984a5', 'http://p3.pstatp.com/origin/pgc-image/15411204462086a91e086f5', 'http://p1.pstatp.com/origin/pgc-image/1541120446289a160ac75f1', 'http://p3.pstatp.com/origin/pgc-image/1541120446278e12e6a7187']"
动物图集：褐马鸡图集,http://toutiao.com/group/6403146434523005186/,"['http://p9.pstatp.com/origin/19f20006bdb7b581f383', 'http://p3.pstatp.com/origin/19f10006d6df6a48b4b7', 'http://p99.pstatp.com/origin/19fa0000c850409d5665', 'http://p3.pstatp.com/origin/19f50006bd12f19f2d3d', 'http://p1.pstatp.com/origin/19f50006bd14013c16d9', 'http://p9.pstatp.com/origin/19f80006ba7869225ccb', 'http://p99.pstatp.com/origin/19fa0000c8547d023160', 'http://p99.pstatp.com/origin/19f70006c813753b6f3f']"
动物图集：短毛猫图集,http://toutiao.com/group/6399144484428513538/,"['http://p9.pstatp.com/origin/191e000584cbac6baf7c', 'http://p9.pstatp.com/origin/191e000584d22825d24e', 'http://p9.pstatp.com/origin/191900057e69467deea7', 'http://p1.pstatp.com/origin/191c000588ed3cd9cad7', 'http://p1.pstatp.com/origin/192100055694d5e6c35a', 'http://p3.pstatp.com/origin/191900057e6da983b01d', 'http://p99.pstatp.com/origin/191f000575b70004b6ff', 'http://p9.pstatp.com/origin/191c000588f5382a1cd4']"
动物图集：白狐图集,http://toutiao.com/group/6400544671106302209/,"['http://p1.pstatp.com/origin/192200077e5da42b676c', 'http://p3.pstatp.com/origin/192700076811bb4a2701', 'http://p3.pstatp.com/origin/192300076fbb180dab44', 'http://p99.pstatp.com/origin/19ed00016f5aa94f6dbd', 'http://p9.pstatp.com/origin/19ed00016f5f47e73adc', 'http://p3.pstatp.com/origin/19ed00016f60929bcee8', 'http://p3.pstatp.com/origin/192300076fcab796c7f6', 'http://p1.pstatp.com/origin/192300076fcc14a250fa']"
风景图集：树林风景图集,http://toutiao.com/group/6398823655389298945/,"['http://p3.pstatp.com/origin/192100041980e06f3d12', 'http://p1.pstatp.com/origin/19140006291ef691f986', 'http://p3.pstatp.com/origin/19190004402bcb732ee3', 'http://p1.pstatp.com/origin/19140006292658ba2548', 'http://p9.pstatp.com/origin/191c000449ce5076049c', 'http://p3.pstatp.com/origin/191f0004379a4d48c66c', 'http://p9.pstatp.com/origin/19210004199f8fdd77a2', 'http://p99.pstatp.com/origin/191400062936c3b676cc']"
风景图集：海滩风景图集,http://toutiao.com/group/6398466054482264321/,"['http://p99.pstatp.com/origin/191c0002b7bfa36fe2bf', 'http://p1.pstatp.com/origin/19200002b4d402a7daac', 'http://p99.pstatp.com/origin/192100028a00ea784b0f', 'http://p99.pstatp.com/origin/19190002af5bb88846f6', 'http://p9.pstatp.com/origin/19200002b4e9cc78a651', 'http://p99.pstatp.com/origin/19190002af679d1de36f', 'http://p99.pstatp.com/origin/19140004986cef3afd86', 'http://p99.pstatp.com/origin/19190002af7cb87736cf']"
汽车图集：法拉利高清图集,http://toutiao.com/group/6444490536484143373/,"['http://p1.pstatp.com/origin/2ee20000ad325f7a5ba3', 'http://p3.pstatp.com/origin/2ee20000ad41da7f8fab', 'http://p9.pstatp.com/origin/2edb0000adcebe792b0f', 'http://p1.pstatp.com/origin/2ed7000458c7edc4214b', 'http://p3.pstatp.com/origin/2ee20000ad8e9b9ce2e0', 'http://p1.pstatp.com/origin/2ee40000ad485fd2d746', 'http://p99.pstatp.com/origin/2ee40000ad5d1a9cf85a', 'http://p3.pstatp.com/origin/2ed70004593920e2d8d2']"
「图集」多地气象部门深入秋冬一线 开展为农服务,http://toutiao.com/group/6619094597308006919/,"['http://p99.pstatp.com/origin/pgc-image/15411278910612d3f8307cc', 'http://p3.pstatp.com/origin/pgc-image/1541127890883ce64659d2b', 'http://p3.pstatp.com/origin/pgc-image/154112789089587d951b975', 'http://p99.pstatp.com/origin/pgc-image/1541127891748ad2e0c90e6']"
风景图集：日本东大寺图集,http://toutiao.com/group/6397730108312076546/,"['http://p3.pstatp.com/origin/191b0005e42f1e8c3c4c', 'http://p3.pstatp.com/origin/19160005e7ff78f46386', 'http://p99.pstatp.com/origin/19160005e801f4de552b', 'http://p99.pstatp.com/origin/1915000610f94f1c9cd8', 'http://p3.pstatp.com/origin/191b0005e44258cb81ec', 'http://p3.pstatp.com/origin/1918000613bc3897d32c', 'http://p99.pstatp.com/origin/191b0005e446ed986820', 'http://p99.pstatp.com/origin/19160005e80e3849d832', 'http://p3.pstatp.com/origin/19140000161c7d3b683e']"
动物图集：土佐犬图集1,http://toutiao.com/group/6415423480934039810/,"['http://p99.pstatp.com/origin/1dca0000f79470363d22', 'http://p1.pstatp.com/origin/1dca0000f796d2107485', 'http://p9.pstatp.com/origin/1dc200047f903cf96003', 'http://p3.pstatp.com/origin/1dca0000f797c94f0637', 'http://p99.pstatp.com/origin/1dc00004797f983242cb', 'http://p3.pstatp.com/origin/1dc7000464b924c23ddb', 'http://p1.pstatp.com/origin/1dc50000f71c5ec2452d', 'http://p99.pstatp.com/origin/1dc00004798047f75fba']"
动物图集：梗类犬图集,http://toutiao.com/group/6414978036739784962/,"['http://p1.pstatp.com/origin/1dc200021660b8f45f7f', 'http://p1.pstatp.com/origin/1dc30003337959733beb', 'http://p99.pstatp.com/origin/1dbb0004b5274427a8f2', 'http://p99.pstatp.com/origin/1dc70001f767679b2e92', 'http://p99.pstatp.com/origin/1dbf0004b5524835ea57', 'http://p3.pstatp.com/origin/1dbb0004b528b74801d6', 'http://p9.pstatp.com/origin/1dc30003337c252e1542', 'http://p99.pstatp.com/origin/1dc30003337de2dc909e']"
动物图集：库达犬图集1,http://toutiao.com/group/6414628959670534402/,"['http://p3.pstatp.com/origin/1dbb00034c6657462c79', 'http://p3.pstatp.com/origin/1dc70000905ba1d91fd8', 'http://p3.pstatp.com/origin/1dc20000ae52f2a6399a', 'http://p1.pstatp.com/origin/1dbf00034fb8f83301fe', 'http://p3.pstatp.com/origin/1dc00000a9c0c87d07f9', 'http://p1.pstatp.com/origin/1dc70000905c3671d1ce', 'http://p3.pstatp.com/origin/1dbb00034c68bba76d87', 'http://p3.pstatp.com/origin/1dc70000905e995f295f']"
风景图集：马岭河美景图集,http://toutiao.com/group/6440694799309553922/,"['http://p9.pstatp.com/origin/2c3e0001c955f4868d8a', 'http://p9.pstatp.com/origin/2eb6000428898dae3873', 'http://p1.pstatp.com/origin/2c4700039e6d23001c98', 'http://p1.pstatp.com/origin/2c4200020377a0b0c01e', 'http://p99.pstatp.com/origin/2c42000203791ccf6237', 'http://p1.pstatp.com/origin/2eb900020b73a8c75fc6', 'http://p99.pstatp.com/origin/2c3e0001c9486ff6b871', 'http://p3.pstatp.com/origin/2c4200020385ad3ef536', 'http://p99.pstatp.com/origin/2c3e0001c951f76d54a6', 'http://p3.pstatp.com/origin/2eb6000428a4dbaf8e82']"
你们都是哪个学校的，敢告诉我嘛,http://toutiao.com/group/6619051994499777031/,"['http://p3.pstatp.com/origin/pgc-image/1541118101399e64f53f62b', 'http://p9.pstatp.com/origin/pgc-image/15411181028065211cc12b0', 'http://p3.pstatp.com/origin/pgc-image/154111810099290460a5bdb', 'http://p99.pstatp.com/origin/pgc-image/154111810206640555c13a2', 'http://p3.pstatp.com/origin/pgc-image/154111810277752beaf9bb5', 'http://p1.pstatp.com/origin/pgc-image/15411181059176c9d7ba411', 'http://p99.pstatp.com/origin/pgc-image/154111810560963e22a61be', 'http://p99.pstatp.com/origin/pgc-image/15411181059817b56ed8554']"
风景图集：新疆风景图集,http://toutiao.com/group/6399545949870670081/,"['http://p1.pstatp.com/origin/19220000d7fb32799898', 'http://p1.pstatp.com/origin/19230000cb5d2ba2dac0', 'http://p1.pstatp.com/origin/19250000bb460df5974c', 'http://p9.pstatp.com/origin/19240000c9d93d6ed109', 'http://p9.pstatp.com/origin/19230000cb6aeeb7d521', 'http://p1.pstatp.com/origin/19220000d815d12d88cd', 'http://p3.pstatp.com/origin/19250000bb60ce68d3be', 'http://p3.pstatp.com/origin/191d00029f015bdf5aa9']"
风景图集：神女溪美景图集,http://toutiao.com/group/6389375944646066434/,"['http://p99.pstatp.com/origin/2ec80003b36983fa1763', 'http://p99.pstatp.com/origin/2ec80003b36ccdbc3b71', 'http://p99.pstatp.com/origin/2ebd000541162c5614de', 'http://p3.pstatp.com/origin/2ebd00054118ccdbe051', 'http://p3.pstatp.com/origin/2ec80003b36d88e4cf92', 'http://p1.pstatp.com/origin/2ec60003c1d2cf620030', 'http://p3.pstatp.com/origin/2ebd0005411b3a416713', 'http://p3.pstatp.com/origin/2ec60003c1d41b457a8c']"
风景图集：澳门风景图集,http://toutiao.com/group/6399929504130760962/,"['http://p1.pstatp.com/origin/1925000389a7bceaf6e8', 'http://p1.pstatp.com/origin/1927000390c6b85b235d', 'http://p3.pstatp.com/origin/19220003a34b4bdbe179', 'http://p99.pstatp.com/origin/1924000396b33b00a4d8', 'http://p1.pstatp.com/origin/19230003985e2b490b1c', 'http://p1.pstatp.com/origin/1925000389e91c5bd363', 'http://p1.pstatp.com/origin/191d00056c71e75b1cc6', 'http://p99.pstatp.com/origin/192700039150b4209f9a']"
梁漱溟生平图集，季羡林尝言，平生最敬重两个人之一就是梁漱溟,http://toutiao.com/group/6619081777958896142/,"['http://p1.pstatp.com/origin/pgc-image/1541124863268627911f672', 'http://p99.pstatp.com/origin/pgc-image/15411248747762a59b74275', 'http://p1.pstatp.com/origin/pgc-image/154112488495979d9879360', 'http://p3.pstatp.com/origin/pgc-image/1541124896133d8d946c6a2', 'http://p9.pstatp.com/origin/pgc-image/1541124909130209fa38e37', 'http://p3.pstatp.com/origin/pgc-image/1541124921547d349dc811e', 'http://p9.pstatp.com/origin/pgc-image/154112493444932786640e8', 'http://p9.pstatp.com/origin/pgc-image/154112494753563c40be07b']"
落下枝头，枸杞的一天（药材美图集，枸杞初加工过程）,http://toutiao.com/group/6619070240246465038/,"['http://p1.pstatp.com/origin/pgc-image/154112044602406566ef4d7', 'http://p1.pstatp.com/origin/pgc-image/154112044602578a856d4d9', 'http://p9.pstatp.com/origin/pgc-image/15411204460479c6f05652b', 'http://p9.pstatp.com/origin/pgc-image/154112044602854407bc4d8', 'http://p1.pstatp.com/origin/pgc-image/15411204460705f28696ab2', 'http://p99.pstatp.com/origin/pgc-image/1541120446075446643d094', 'http://p1.pstatp.com/origin/pgc-image/15411204462183823f984a5', 'http://p3.pstatp.com/origin/pgc-image/15411204462086a91e086f5', 'http://p1.pstatp.com/origin/pgc-image/1541120446289a160ac75f1', 'http://p3.pstatp.com/origin/pgc-image/1541120446278e12e6a7187']"
风景图集：罗布泊高清图集,http://toutiao.com/group/6448912825779667214/,"['http://p99.pstatp.com/origin/31d500026b0e6c6dd6b6', 'http://p1.pstatp.com/origin/31db0001793237a50a48', 'http://p99.pstatp.com/origin/31d300001954ebdc973e', 'http://p1.pstatp.com/origin/31dd00024c021628b20c', 'http://p1.pstatp.com/origin/31d800000c9667ffa0cb', 'http://p3.pstatp.com/origin/31d500026b1509d24498', 'http://p99.pstatp.com/origin/31d700028721c1ed4860', 'http://p3.pstatp.com/origin/31d900025b9e8c737984']"
风景图集：虹山湖美景图集,http://toutiao.com/group/6442983860014858498/,"['http://p3.pstatp.com/origin/2ec40000fc136aef275d', 'http://p3.pstatp.com/origin/2ed00003af839d2682bd', 'http://p3.pstatp.com/origin/2ec70000282633e24abc', 'http://p99.pstatp.com/origin/2ec7000028270396677c', 'http://p1.pstatp.com/origin/2ed3000358547f1ca784', 'http://p3.pstatp.com/origin/2ed300035855dc5cca5f', 'http://p3.pstatp.com/origin/2ec70000282a7e9d96d9', 'http://p99.pstatp.com/origin/2ec70000282c144e2aa2', 'http://p3.pstatp.com/origin/2ec40000fc1566d1120b', 'http://p9.pstatp.com/origin/2ec40000fc1754ea0947']"
动物图集：可爱动物图集,http://toutiao.com/group/6454499182408368654/,"['http://p99.pstatp.com/origin/32290002fe9eec1a3d9f', 'http://p1.pstatp.com/origin/320d000360f2cda3483c', 'http://p99.pstatp.com/origin/320e0000031acbbc1d7e', 'http://p1.pstatp.com/origin/322b00037323e2ee6131', 'http://p99.pstatp.com/origin/320e0000031cc5816455', 'http://p3.pstatp.com/origin/320d000360f8e18a4e70', 'http://p3.pstatp.com/origin/32290002fea83839cb4c', 'http://p3.pstatp.com/origin/321b000010dfe483d8ef', 'http://p1.pstatp.com/origin/320800001272dad944e3']"
范冰冰图集,http://toutiao.com/group/6613620428537594371/,"['http://p1.pstatp.com/origin/dfic-imagehandler/22dcd45f-c0b6-4da7-aaac-c0ba2642171e', 'http://p3.pstatp.com/origin/dfic-imagehandler/b76839c9-0a5d-4fe7-80ed-73ece860b01f', 'http://p1.pstatp.com/origin/dfic-imagehandler/55e0e99c-8b81-4f21-a4f1-65b91595efb8']"
动物图集：可爱动物图集,http://toutiao.com/group/6454499182408368654/,"['http://p99.pstatp.com/origin/32290002fe9eec1a3d9f', 'http://p1.pstatp.com/origin/320d000360f2cda3483c', 'http://p99.pstatp.com/origin/320e0000031acbbc1d7e', 'http://p1.pstatp.com/origin/322b00037323e2ee6131', 'http://p99.pstatp.com/origin/320e0000031cc5816455', 'http://p3.pstatp.com/origin/320d000360f8e18a4e70', 'http://p3.pstatp.com/origin/32290002fea83839cb4c', 'http://p3.pstatp.com/origin/321b000010dfe483d8ef', 'http://p1.pstatp.com/origin/320800001272dad944e3']"
女明星图集,http://toutiao.com/group/6608333707432428046/,"['http://p3.pstatp.com/origin/pgc-image/1538622027984bd9dbbd042', 'http://p3.pstatp.com/origin/pgc-image/1538622028070a230e6f04b', 'http://p1.pstatp.com/origin/pgc-image/15386220282349388f63c25', 'http://p3.pstatp.com/origin/pgc-image/1538622028108e02a48eb95', 'http://p1.pstatp.com/origin/pgc-image/15386220280830aed8d332e']"
高清图集-三亚高清图集,http://toutiao.com/group/6441172576416350465/,"['http://p1.pstatp.com/origin/2ec20000845d371940c2', 'http://p1.pstatp.com/origin/2ebc0000cbee319c06c6', 'http://p99.pstatp.com/origin/2eba0003280728bd03fc', 'http://p1.pstatp.com/origin/2eb700032173f0265af6', 'http://p3.pstatp.com/origin/2ebb00026b0a56d20198', 'http://p1.pstatp.com/origin/2ebc0000cbef30af5ef9', 'http://p3.pstatp.com/origin/2ebf0000bfc4d5572ee1', 'http://p3.pstatp.com/origin/2eb700032174ecc9ead6']"
高清图集-长城高清图集,http://toutiao.com/group/6440629612955861250/,"['http://p99.pstatp.com/origin/2c47000329baac520e51', 'http://p1.pstatp.com/origin/2c4200018de430bc6742', 'http://p99.pstatp.com/origin/2eb80003b8bd0caf7630', 'http://p99.pstatp.com/origin/2eb900019795b1348a38', 'http://p3.pstatp.com/origin/2c4200018ded7ea0cfaf', 'http://p1.pstatp.com/origin/2c3e00015435a04a9925', 'http://p99.pstatp.com/origin/2eb90001979eab032f9c', 'http://p99.pstatp.com/origin/2eb9000197a0c0c6ddc8']"
14幅可爱的讨人喜欢的小猫咪萌萌哒小猫图片-悠悠图集No.56,http://toutiao.com/group/6619594612472283656/,"['http://p1.pstatp.com/origin/pgc-image/126ee6672a874508b6b59542cfe408ba', 'http://p3.pstatp.com/origin/pgc-image/e187a311d364435689d9c15804765e2c', 'http://p99.pstatp.com/origin/pgc-image/16419ad9cd504e77bcf6d6c4210d837c', 'http://p3.pstatp.com/origin/pgc-image/4a4d5429df6949cabd733954da681942', 'http://p99.pstatp.com/origin/pgc-image/f75e0ae608ab4e2dae236d2fa516efc8', 'http://p3.pstatp.com/origin/pgc-image/628b304ef8ae4af1aa3ce65d53e0f851', 'http://p99.pstatp.com/origin/pgc-image/550055167c964fff97c1e1843100a49e', 'http://p9.pstatp.com/origin/pgc-image/0e285a6c370549a89b19c68b56dfd045', 'http://p99.pstatp.com/origin/pgc-image/bad2b783ac9a4ed580bdfde1f0d458cd', 'http://p3.pstatp.com/origin/pgc-image/df51ca66b063499c88dc4e30329ee197', 'http://p1.pstatp.com/origin/pgc-image/570a904b6ced42dcb4ba7d7a1787ab98', 'http://p1.pstatp.com/origin/pgc-image/fdc9048308b643faa28429c2f5521e8b', 'http://p3.pstatp.com/origin/pgc-image/3e74cf9e51344374baf0338010b6592c', 'http://p99.pstatp.com/origin/pgc-image/592cb4a060c240619fecd992c1a8707d']"
高清图集-长白山高清图集,http://toutiao.com/group/6440244849349886210/,"['http://p1.pstatp.com/origin/2c410004648a8bd17604', 'http://p9.pstatp.com/origin/2c48000465eb06301de5', 'http://p3.pstatp.com/origin/2eb60001c16b95ac948b', 'http://p3.pstatp.com/origin/2c3900046748b297ac0e', 'http://p3.pstatp.com/origin/2eb80001c39b5e921622', 'http://p99.pstatp.com/origin/2c3b000474429fdd0fa2', 'http://p3.pstatp.com/origin/2c3b000474487db755a6', 'http://p1.pstatp.com/origin/2c3b0004744b3125e50d']"
风景图集：海滩风景图集,http://toutiao.com/group/6398466054482264321/,"['http://p99.pstatp.com/origin/191c0002b7bfa36fe2bf', 'http://p1.pstatp.com/origin/19200002b4d402a7daac', 'http://p99.pstatp.com/origin/192100028a00ea784b0f', 'http://p99.pstatp.com/origin/19190002af5bb88846f6', 'http://p9.pstatp.com/origin/19200002b4e9cc78a651', 'http://p99.pstatp.com/origin/19190002af679d1de36f', 'http://p99.pstatp.com/origin/19140004986cef3afd86', 'http://p99.pstatp.com/origin/19190002af7cb87736cf']"
风景图集：罗布泊高清图集,http://toutiao.com/group/6448912825779667214/,"['http://p99.pstatp.com/origin/31d500026b0e6c6dd6b6', 'http://p1.pstatp.com/origin/31db0001793237a50a48', 'http://p99.pstatp.com/origin/31d300001954ebdc973e', 'http://p1.pstatp.com/origin/31dd00024c021628b20c', 'http://p1.pstatp.com/origin/31d800000c9667ffa0cb', 'http://p3.pstatp.com/origin/31d500026b1509d24498', 'http://p99.pstatp.com/origin/31d700028721c1ed4860', 'http://p3.pstatp.com/origin/31d900025b9e8c737984']"
动物图集：褐马鸡图集,http://toutiao.com/group/6403145656224039169/,"['http://p99.pstatp.com/origin/19f50006ba1b892a5654', 'http://p99.pstatp.com/origin/19fb0000cab937cb08ae', 'http://p9.pstatp.com/origin/19f20006bb12c5a57278', 'http://p99.pstatp.com/origin/19f20006bb1bbf29ec1b', 'http://p1.pstatp.com/origin/19f70006c531e431e2e2', 'http://p99.pstatp.com/origin/19f20006bb24ad5b06d2', 'http://p1.pstatp.com/origin/19f80006b7d1db1df634', 'http://p1.pstatp.com/origin/19fb0000caf65fa1837a']"
风景图集：虹山湖美景图集,http://toutiao.com/group/6442983860014858498/,"['http://p3.pstatp.com/origin/2ec40000fc136aef275d', 'http://p3.pstatp.com/origin/2ed00003af839d2682bd', 'http://p3.pstatp.com/origin/2ec70000282633e24abc', 'http://p99.pstatp.com/origin/2ec7000028270396677c', 'http://p1.pstatp.com/origin/2ed3000358547f1ca784', 'http://p3.pstatp.com/origin/2ed300035855dc5cca5f', 'http://p3.pstatp.com/origin/2ec70000282a7e9d96d9', 'http://p99.pstatp.com/origin/2ec70000282c144e2aa2', 'http://p3.pstatp.com/origin/2ec40000fc1566d1120b', 'http://p9.pstatp.com/origin/2ec40000fc1754ea0947']"
风景图集：塞班岛景区图集,http://toutiao.com/group/6433680116728398082/,"['http://p9.pstatp.com/origin/2892000249431192a094', 'http://p3.pstatp.com/origin/2898000149a3b1bfaccb', 'http://p3.pstatp.com/origin/289200024946aa8bd2a2', 'http://p99.pstatp.com/origin/28970003c4eea8433e6f', 'http://p1.pstatp.com/origin/28990000b2a3f5146174', 'http://p1.pstatp.com/origin/28920002494716e61acf', 'http://p3.pstatp.com/origin/2898000149a450e9ed5b', 'http://p3.pstatp.com/origin/28970003c4ef5d3f336c', 'http://p9.pstatp.com/origin/28990000b2a6e557e806', 'http://p9.pstatp.com/origin/28970003c4f2c401fed7']"
豪车图集：保时捷高清图集,http://toutiao.com/group/6444493090484617485/,"['http://p1.pstatp.com/origin/2ee40000b54ce9fcff38', 'http://p99.pstatp.com/origin/2ed70004613c5b1776d2', 'http://p1.pstatp.com/origin/2ee20000b63af3acdebb', 'http://p99.pstatp.com/origin/2ee10001646a44998064', 'http://p1.pstatp.com/origin/2ed6000462c8df7e9789', 'http://p1.pstatp.com/origin/2edb0000b703c8244e21', 'http://p3.pstatp.com/origin/2ee1000164da0071435c', 'http://p3.pstatp.com/origin/2ed700046208c2f5c3af']"
杨幂《奔跑吧》高清图集,http://toutiao.com/group/6620948914482708995/,"['http://p1.pstatp.com/origin/pgc-image/3b7ba219e98a4a81b3991074219bbf5d', 'http://p1.pstatp.com/origin/pgc-image/d4addf9f49c24e9a9b694d8a1c8ebb7a', 'http://p99.pstatp.com/origin/pgc-image/e8924d2abde441fd9489a0b3134aa13e']"
高清图集-九寨沟高清图集,http://toutiao.com/group/6440011087039611138/,"['http://p3.pstatp.com/origin/2c480003684f7dece97b', 'http://p3.pstatp.com/origin/2c3b0003751b43b1d3e2', 'http://p99.pstatp.com/origin/2c3b0003751e8a2ccd78', 'http://p99.pstatp.com/origin/2c4800036857165fb6b0', 'http://p1.pstatp.com/origin/2eb80000c58fe4fa8740', 'http://p9.pstatp.com/origin/2c41000367750469f05a', 'http://p1.pstatp.com/origin/2c410003677ac20ae1a3', 'http://p1.pstatp.com/origin/2c430003b95e257610c0']"
