炒股与赌博有人说 最大-炒股与赌博有人说 最大 - 中信实业银行网,http://www.baidu.com/link?url=qJhtV3qNVtxFTGQa01ofQZLvwDKKsE0H0Sx33VSWG7MdBnvfoFCeHWj0l6VqrgKUge4xo6_nWdKDTpFfmqidfFAyakc1VUN_hu62EmKWg_G0M2hLduLgC8wlXS1m6w9A,http://cache.baiducontent.com/c?m=9d78d513d9d431af4f9e9f697d16c0176a40c72362d88a5339968449e07946040223f4bb50674b5884d27c1144f20902bce73605665e7faac88aca1c98f09529328825377b1e804319ce4aed892d53b82ae31eb8fc04e7b8f33991a8d0d8c2071188540032c7a496&p=c673f91f86cc41ad01be9b7c1b4a&newp=85769a4786cc41ad4481cf26134492695c02dc3051d3d301298ffe0cc4241a1a1a3aecbb24241502d9c478610abb0f31aba7747d605f76&user=baidu&fm=sc&query=site%3Awww%2Ewine%2Dworld%2Ecom+%B2%A9%B2%CA&qid=8d96a12700032244&p1=1,http://www.wine-world.com/appdwy53/20190409/appYDK8Avca/20190409/app57zuf/
,,http://cache.baiducontent.com/c?m=9d78d513d9d431af4f9e9f697d16c0176a40c72362d88a5339968449e07946040223f4bb50674b5884d27c1144f20902bce73605665e7faacd95d940d7bb952232&p=93769a47918111a058eccb225257&newp=8d7bc54ad6c25fb40be2962f170092695c16ed633dc3864e1290c408d23f061d4866e0be23281605d6c0797347c2080ba8ff612e611d3b&user=baidu&fm=sc&query=site%3Awww%2Ewine%2Dworld%2Ecom+%B2%A9%B2%CA&qid=9935fd0e000441b0&p1=11,http://www.wine-world.com/doc88258/
世界十大最昂贵酒吧埋单-葡萄酒市场-红酒世界网,http://www.baidu.com/link?url=YYoOLSXJXaBozp1Dc8CnGUu3BCLpdWmTMSFXsEQCZVRn4kLkSCGVPVKAWslfMjQWTncehLfiWp1qiRvUiEIQJa,http://cache.baiducontent.com/c?m=9d78d513d9d431af4f9e9f697d16c0176a40c72362d88a5339968449e07946040223f4bb50674b5884d27c1144f20902bce73605665e7faaca8fd60c9afbc5356ed93a34721f874314d012accc4120c3249258eb&p=84759a46d79c1afc57efd52c1c5d&newp=89769a4786cc42ae0fb3c52b5a4092695d0fc20e38d6d301298ffe0cc4241a1a1a3aecbf23271a0ed5c6776505aa4d5becfb3273370034f1f689df08d2ecce7e&user=baidu&fm=sc&query=site%3Awww%2Ewine%2Dworld%2Ecom+%B2%A9%B2%CA&qid=b5331a49000478c6&p1=21,http://www.wine-world.com/culture/sc/20130419155706000
app配资炒股是哪个软件好,http://www.baidu.com/link?url=c2zFHTiDiQhidI-bOcAfON45neM5H4q-1CZrxzwvfrBnCZw8MqVYGxtj9GW94Ipv,http://cache.baiducontent.com/c?m=9d78d513d9d431af4f9e9f697d16c0176a40c72362d88a5339968449e07946040223f4bb50674b5884d27c1144f20902bce73605665e7faac195ce48b6c5ed4b32&p=906de715d9c640f51ebe9b7c1e5c&newp=c266c64ad48b09e408e2917f580d92695c16ed663dc3864e1290c408d23f061d4866e0be23281605d6c0797347c2080ba8ff612e614b68fc&user=baidu&fm=sc&query=site%3Awww%2Ewine%2Dworld%2Ecom+%B2%A9%B2%CA&qid=911a9e2300018c2a&p1=31,http://www.wine-world.com/hot0YLMQ/
开个期货配资公司成都分公司地址-开个期货配资公司成都分公司地址...,http://www.baidu.com/link?url=iYaeFpqfY-RIAY23ZKUWoihVArlwA5Zd6jkyunuZKkeWX_37jP8qh01KYj2ndAO0,http://cache.baiducontent.com/c?m=9d78d513d9d431af4f9e9f697d16c0176a40c72362d88a5339968449e07946040223f4bb50674b5884d27c1144f20902bce73605665e7faac195ce0ab8eaeb5950ea&p=aa6aca5986cc41ad34b2c7710f4c&newp=89578315d9c343f30be2963d524e92695c02dc3051d3d001298ffe0cc4241a1a1a3aecbb24241502d9c478610abb0f31aba7747d605f76eb&user=baidu&fm=sc&query=site%3Awww%2Ewine%2Dworld%2Ecom+%B2%A9%B2%CA&qid=f5c2da8900029c4a&p1=41,http://www.wine-world.com/hotrWcKCMP
深圳股票配资的目的何在_深 圳股票配资的目的何在,http://www.baidu.com/link?url=fJ5P3mDdJxPJPBMMaMXI6qTUt3UqaxSEMp4MimncevHEJxYy3qtu8TsL4CtQEt4z,http://cache.baiducontent.com/c?m=9f65cb4a8c8507ed4fece763105392230e54f726678b87027fa2d615d33a0d564711b2e6783f465982982a630ab25d19b7b0607d207320a0e8c39f3addace35b&p=c97bc31185cc43b511bd9b7e064e&newp=8b2a975386cc41a410b28e29520d92695c16ed6337c3864e1290c408d23f061d4866e0be23281605d6c0797347c2080ba8ff612e6115&user=baidu&fm=sc&query=site%3Awww%2Ewine%2Dworld%2Ecom+%B2%A9%B2%CA&qid=a3121da500035adb&p1=51,http://www.wine-world.com/docod69/
融易富配资平台 -- 融易富配资平台,http://www.baidu.com/link?url=N_9EUCjIbEwhX_-xjkjd7ZTuP58riUqpXXf9SLuqUzRyQK3UeKsTIM0vf-vZFLTm,http://cache.baiducontent.com/c?m=9f65cb4a8c8507ed4fece763105392230e54f726678b87027fa2d615d33a0d564711b2e6783f465982a71b6459ff5448afad7624381450b78cbb835dadbb85595c&p=aa769a4786cc42ac10b5cc3a474a&newp=8d759a46d58a0be703adc7710f5192695c02dc3051d6d101298ffe0cc4241a1a1a3aecbb24241502d9c478610abb0f31aba7747d605f76fed180d30a&user=baidu&fm=sc&query=site%3Awww%2Ewine%2Dworld%2Ecom+%B2%A9%B2%CA&qid=94d6d91c000a0a0a&p1=61,http://www.wine-world.com/docPU1jb/
北京配资哪个公司的好处和坏处-北京配资哪个公司的好处和坏处 - ...,http://www.baidu.com/link?url=rDhKOiRqLa2szB09jqTQX-LMShG9znn40zUZvPLAm9iOdBgs9hGphPMRoBFqzSTkRi7ErOUQbqNgWc3dY9SRysq4LcU00bA72tkQkf2fmAC,http://cache.baiducontent.com/c?m=9d78d513d9d431af4f9e9f697d16c0176a40c72362d88a5339968449e07946040223f4bb50674b5884d27c1144f20902bce73605665e7faacd95d935b8ceed5c59ec66646d1c844219d11fadc05b739c71db00a3ed46fa&p=8a769a47809a11a058ef852b480a&newp=8d36d716d9c102e008e2947c475f92695c02dc3051d3d301298ffe0cc4241a1a1a3aecbb24241502d9c478610abb0f31aba7747d605f76f4d4&user=baidu&fm=sc&query=site%3Awww%2Ewine%2Dworld%2Ecom+%B2%A9%B2%CA&qid=cbda78050006ef2e&p1=71,http://www.wine-world.com/docMWGMFDVsb/20190409/docyhxpm/
平顶山股票配资平台排名前十图-平顶山股票配资平台排名前十图 - ...,http://www.baidu.com/link?url=la_4493xsnqnpJ-C9sjX2DOoIMqn1pzTpAelNlmUrMbo_a5sQm_AMKvuXHrmYepONVZ-vLiIwBQotO4Gp9Fg5K,http://cache.baiducontent.com/c?m=9d78d513d9d431af4f9e9f697d16c0176a40c72362d88a5339968449e07946040223f4bb50674b5884d27c1144f20902bce73605665e7faac195ce169dbf972c2f8a243f721a8641&p=84759a46d69c1afc57efd52c1c5d&newp=89769a4786cc42af0fb3c52b5a4092695c02dc3051d6d401298ffe0cc4241a1a1a3aecbb24241502d9c478610abb0f31aba7747d605f76&user=baidu&fm=sc&query=site%3Awww%2Ewine%2Dworld%2Ecom+%B2%A9%B2%CA&qid=9b3dd7c50005ff17&p1=81,http://www.wine-world.com/hotnr67620190422
业内呼吁提高配资门槛 _ 凯立德家园,http://www.baidu.com/link?url=jD5ICuBDpaJ5zHcZvITzZuasbyDyv9sZEmZ5D913o3TkObcIUlI09BMU_ifkQqep,http://cache.baiducontent.com/c?m=9f65cb4a8c8507ed4fece763105392230e54f726678b87027fa2d615d33a0d564711b2e6783f434691a405005be52307feb56b32610c37c79bdffb41cacb923f5efb&p=8672f90f85cc43ff57ed963e5700&newp=cb7ec54ad6c12dfe4bf6c7710f6492695c02dc3051d3d201298ffe0cc4241a1a1a3aecbb24241502d9c478610abb0f31aba7747d605f76dbcadb93&user=baidu&fm=sc&query=site%3Awww%2Ewine%2Dworld%2Ecom+%B2%A9%B2%CA&qid=925f2cf40004695b&p1=91,http://www.wine-world.com/appSKUhxXi
绵阳配资平台哪个最好最靠谱 - (天下足球网),http://www.baidu.com/link?url=D0zCSrVovAqm1_vKUHOSeR9d2_0BCxpnH8VtedgCIaBErDZLe5oaUmsCNrxdaPqo,http://cache.baiducontent.com/c?m=9f65cb4a8c8507ed4fece763105392230e54f726678b87027fa2d615d33a0d564711b2e6783f434691901e2170d85448afad7624381450b78cbb835dadbb85595c&p=882a964fba9f04f61ba8c7710f44&newp=c679c54ad5c91dfa0be2963c5f0792695c02dc3051d0d601298ffe0cc4241a1a1a3aecbb24241502d9c478610abb0f31aba7747d605f76ebce&user=baidu&fm=sc&query=site%3Awww%2Ewine%2Dworld%2Ecom+%B2%A9%B2%CA&qid=98dfa791000139ff&p1=101,http://www.wine-world.com/appgPtCE/
5 0 万炒股佣金最低多少钱-50万炒股佣金最低多少钱 - 榆林新闻网,http://www.baidu.com/link?url=CAO7ZeLvcastqnJgKPjITaqF979VjDnxZ2DP-sw0VIfF42kSsKDz3qSiD0tb6bGzHLfz6l13pNvLDnhrR5Yr-a,http://cache.baiducontent.com/c?m=9d78d513d9d431af4f9e9f697d16c0176a40c72362d88a5339968449e07946040223f4bb50674b5884d27c1144f20902bce73605665e7faacd95d948dde3d9282d8b2c36761e8c&p=8167c41786cc42a542a5c7710f40&newp=8f759a46dc8a03fc57efc5215a4c92695c02dc3051d0d701298ffe0cc4241a1a1a3aecbb24241502d9c478610abb0f31aba7747d605f76fed9&user=baidu&fm=sc&query=site%3Awww%2Ewine%2Dworld%2Ecom+%B2%A9%B2%CA&qid=850e49ca0001ce1d&p1=111,http://www.wine-world.com/doc02jy20190408
东莞正规股票配资公司有哪些 -- 东莞正规股票配资公司有哪些,http://www.baidu.com/link?url=_Vdb9iA7iMSdC_HYBsDgiXXFKj2htghGoIXZFDf1SMnG35GwcIoLgAvwKcXFwkal,http://cache.baiducontent.com/c?m=9f65cb4a8c8507ed4fece763105392230e54f726678b87027fa2d615d33a0d564711b2e6783f46598287373e41f15448afad7624381450b78cbb835dadbb85595c&p=8f759a46d69613f00be2963a594f&newp=83769a47ca934eac58b48e224d5692695c02dc3051d6d501298ffe0cc4241a1a1a3aecbb24241502d9c478610abb0f31aba7747d605f76ab&user=baidu&fm=sc&query=site%3Awww%2Ewine%2Dworld%2Ecom+%B2%A9%B2%CA&qid=9145847500003840&p1=121,http://www.wine-world.com/docpykrl/
1 0 倍杠杆炒股 -- 10倍杠杆炒股,http://www.baidu.com/link?url=Z4a0csCLYREe1BplL3uloQpmucLjzaoEZDEW3TbgYmjpJdNd9FzozP_8cdmEwqg5,http://cache.baiducontent.com/c?m=9f65cb4a8c8507ed4fece763105392230e54f726678b87027fa2d615d33a0d564711b2e6783f465982b62b0f66d65448afad7624381450b78cbb835dadbb85595c&p=9b759a46dddf12a05ab4c63f550a&newp=8e7a8916d9c107f308e297755b5f92695c02dc3051d0da01298ffe0cc4241a1a1a3aecbb24241502d9c478610abb0f31aba7747d605f76f1c7&user=baidu&fm=sc&query=site%3Awww%2Ewine%2Dworld%2Ecom+%B2%A9%B2%CA&qid=a604dfd90009d913&p1=131,http://www.wine-world.com/docAeZUK/
gta5线下怎么炒股赚钱 _ 香港大学,http://www.baidu.com/link?url=hIYvRrUVf88zFpxnuRzxR5VbUUHzGZNp6mF7YPPL9RiF4NMPug2zOUe22LFgXkS1,http://cache.baiducontent.com/c?m=9f65cb4a8c8507ed4fece763105392230e54f726678b87027fa2d615d33a0d564711b2e6783f434691a6031a70c85448afad7624381450b78cbb835dadbb85595c&p=c33dc316d9c114b908e29774130a&newp=9f6ac64ad4d907ed08e29774574f92695c02dc3051d0d401298ffe0cc4241a1a1a3aecbb24241502d9c478610abb0f31aba7747d605f76addd8a&user=baidu&fm=sc&query=site%3Awww%2Ewine%2Dworld%2Ecom+%B2%A9%B2%CA&qid=f8c63e8f00033bbc&p1=141,http://www.wine-world.com/appQMOCU/
揭秘次新股跌停潮背后真相 -- 揭秘次新股跌停潮背后真相,http://www.baidu.com/link?url=isbJ2siDLhtiEDbbfrNJE9z69F6_odG-hjuVSjvhiYCJBnnRsEgM1b_bziBzbkAm,http://cache.baiducontent.com/c?m=9f65cb4a8c8507ed4fece763105392230e54f726678b87027fa2d615d33a0d564711b2e6783f4659828f206c07a84341feb56b32610c37c79bdffb41cacb923f5efb&p=9d759a46d6d50bbe07abc7710f41&newp=8161c64ad48406ff57ee9428115d92695c02dc3051d6da01298ffe0cc4241a1a1a3aecbb24241502d9c478610abb0f31aba7747d605f76f0dc&user=baidu&fm=sc&query=site%3Awww%2Ewine%2Dworld%2Ecom+%B2%A9%B2%CA&qid=fcff151d0005f3e2&p1=151,http://www.wine-world.com/docxn9458/
股票交流圈,http://www.baidu.com/link?url=paezgbSe_5QQ9rVoaAkJxHRsLejG-thNhHmWtzGwhGFwjubZt5tCuyDpKWL2xn4u,http://cache.baiducontent.com/c?m=9f65cb4a8c8507ed4fece763105392230e54f726678b87027fa2d615d33a0d564711b2e6783f465982b1280d7df65448afad7624381450b78cbb835dadbb85595c&p=8a6ac54ad1c50afc57efe63f575c&newp=c43b89028b904ead08e293781c0592695c16ed643ac3864e1290c408d23f061d4866e0be23281605d6c0797347c2080ba8ff612e61&user=baidu&fm=sc&query=site%3Awww%2Ewine%2Dworld%2Ecom+%B2%A9%B2%CA&qid=85df5add000a8cd5&p1=161,http://www.wine-world.com/docFfXNk/
怎样查询股票账户余额-怎样查询股票账户余额 - 登封818,http://www.baidu.com/link?url=vNTxUpcjkR0aaDVHZpHYle4OhQPatdSF8115KdzCPm7DIYK-BgzvFyKvIzKKl2EU,http://cache.baiducontent.com/c?m=9f65cb4a8c8507ed4fece763105392230e54f726678b87027fa2d615d33a0d564711b2e6783f46598285276c02b25d19b7b0607d207320a0e8c39f3addace35b&p=8b2a9715d9c047e602a8ce375957&newp=87769a47849a19ff57ee9266445692695c16ed603ac3864e1290c408d23f061d4866e0be23281605d6c0797347c2080ba8ff612e615179ef&user=baidu&fm=sc&query=site%3Awww%2Ewine%2Dworld%2Ecom+%B2%A9%B2%CA&qid=f203dd5100009804&p1=171,http://www.wine-world.com/docri91/
炒股与赌博有人说 最大-炒股与赌博有人说 最大 - 中信实业银行网,http://www.baidu.com/link?url=GgRV6YjvCXVT1yYpydOUN4NQcZqs_yNcvOAJbmjKtWy7YPXo2KEQYoPG7FCEJgvuoGU9v5LxNPWCCYgkieYnR6dOzbIlSpmg9qA9tF8e97WmgyCfM0k4P7bYLpkDWyie,http://cache.baiducontent.com/c?m=9d78d513d9d431af4f9e9f697d16c0176a40c72362d88a5339968449e07946040223f4bb50674b5884d27c1144f20902bce73605665e7faac88aca1c98f09529328825377b1e804319ce4aed892d53b82ae31eb8fc04e7b8f33991a8d0d8c2071188540032c7a496&p=8d759a45d48c5ae01abe9b7c5705&newp=8c498b16d9c10bf61fbd9b7e0f5f92695c02dc3051d3d301298ffe0cc4241a1a1a3aecbb24241502d9c478610abb0f31aba7747d605f76fdc28f&user=baidu&fm=sc&query=site%3Awww%2Ewine%2Dworld%2Ecom+%B2%A9%B2%CA&qid=ef1114aa00049a4a&p1=1,http://www.wine-world.com/appdwy53/20190409/appYDK8Avca/20190409/app57zuf/
炒股与赌博有人说 最大-炒股与赌博有人说 最大 - 中信实业银行网,http://www.baidu.com/link?url=TJz29GlIKBrUTy7NpPKZuQjET-NYDYcGhtC2IJ9n6Hs5Rt6EH_mz74BgvR2NEqNCikKms4Rzjkcb1Hr6BA16jDp9gzcaFoNknP50eqttYLGfcqpiTZ2VIDWHCqI32ARR,http://cache.baiducontent.com/c?m=9f65cb4a8c8507ed4fece763105392230e54f726678b87027fa2d615d33a0d564711b2e6783f43469193392c06ae545ce8f33d7031012baac88aca21abc2985b6bd97429701e854a10d51ba4d6156783279512aefb04f3ffad72c5a1c5a3df4320c144757a9781f8&p=8977c54ad6c150fc57efcf205959&newp=86759a45d4d212a05af5db26515e92695c02dc3051d3d301298ffe0cc4241a1a1a3aecbb24241502d9c478610abb0f31aba7747d605f76a6&user=baidu&fm=sc&query=site%3Awww%2Ewine%2Dworld%2Ecom+%B2%A9%B2%CA&qid=86cf9739000193f0&p1=1,http://www.wine-world.com/appdwy53/20190409/appYDK8Avca/20190409/app57zuf/
炒股与赌博有人说 最大-炒股与赌博有人说 最大 - 中信实业银行网,http://www.baidu.com/link?url=HeAYts4idvJZeH4oQSPn5UxbjNHGOKi3oPYfo-SKQLYIwj7aiFKYgT5xXXF7-ssSYVaP6c0VOiFQCvhI_AQCSEpTJoT5iTCXfWSSMaFmmlYyhXXLSOQ7pfkncKCO_xbO,http://cache.baiducontent.com/c?m=9f65cb4a8c8507ed4fece763105392230e54f726678b87027fa2d615d33a0d564711b2e6783f43469193392c06ae545ce8f33d7031012baac88aca21abc2985b6bd97429701e854a10d51ba4d6156783279512aefb04f3ffad72c5a1c5a3df4320c144757a9781f8&p=977ec54ad6c118e404a5c7710f07&newp=997b8d16d9c159ff57ed9662165292695c02dc3051d3d301298ffe0cc4241a1a1a3aecbb24241502d9c478610abb0f31aba7747d605f76af&user=baidu&fm=sc&query=site%3Awww%2Ewine%2Dworld%2Ecom+%B2%A9%B2%CA&qid=a1cb165e000a5dbe&p1=1,http://www.wine-world.com/appdwy53/20190409/appYDK8Avca/20190409/app57zuf/
炒股与赌博有人说 最大-炒股与赌博有人说 最大 - 中信实业银行网,http://www.baidu.com/link?url=TJz29GlIKBrUTy7NpPKZuQjET-NYDYcGhtC2IJ9n6Hs5Rt6EH_mz74BgvR2NEqNCikKms4Rzjkcb1Hr6BA16jDp9gzcaFoNknP50eqttYLGfcqpiTZ2VIDWHCqI32ARR,http://cache.baiducontent.com/c?m=9f65cb4a8c8507ed4fece763105392230e54f726678b87027fa2d615d33a0d564711b2e6783f43469193392c06ae545ce8f33d7031012baac88aca21abc2985b6bd97429701e854a10d51ba4d6156783279512aefb04f3ffad72c5a1c5a3df4320c144757a9781f8&p=8b2a975f899c15eb08e2947c564f&newp=c464c54ad6c11ef803be9b7c425692695c02dc3051d3d301298ffe0cc4241a1a1a3aecbb24241502d9c478610abb0f31aba7747d605f76e8cc93&user=baidu&fm=sc&query=site%3Awww%2Ewine%2Dworld%2Ecom+%B2%A9%B2%CA&qid=87f52cce000a6cc6&p1=1,http://www.wine-world.com/appdwy53/20190409/appYDK8Avca/20190409/app57zuf/
炒股与赌博有人说 最大-炒股与赌博有人说 最大 - 中信实业银行网,http://www.baidu.com/link?url=MZ5gHxw0HAVwFEoYUZmVJ02Vt6ahq_oe2GRpYIX9AiJU3nCd8ixoLZ3CGRIlvq4Dkdp3uVV7w9WM_EUKYWVF6EBgmZG5XaMcyrB2sye3HJ3GpF8pYG__GY_02OODWlZL,http://cache.baiducontent.com/c?m=9d78d513d9d431af4f9e9f697d16c0176a40c72362d88a5339968449e07946040223f4bb50674b5884d27c1144f20902bce73605665e7faac88aca1c98f09529328825377b1e804319ce4aed892d53b82ae31eb8fc04e7b8f33991a8d0d8c2071188540032c7a496&p=8b2a975e929215f108e2947c4956&newp=882a9547808c1aeb0be296284f4992695c02dc3051d3d301298ffe0cc4241a1a1a3aecbb24241502d9c478610abb0f31aba7747d605f76e1d493cc&user=baidu&fm=sc&query=site%3Awww%2Ewine%2Dworld%2Ecom+%B2%A9%B2%CA&qid=84675186000a95fe&p1=1,http://www.wine-world.com/appdwy53/20190409/appYDK8Avca/20190409/app57zuf/
炒股与赌博有人说 最大-炒股与赌博有人说 最大 - 中信实业银行网,http://www.baidu.com/link?url=jhLIFt0758GsHoLZAW2nahpW6nAM75M7Pu3TyqPPp17RBw-CmqR1zBebpMTHpfnyWLWxuwR6We2PM5fb76r7lnUaFYEbXe5NOOrS2uNljEQHTGqwLj7ef9nBTfNxsfKW,http://cache.baiducontent.com/c?m=9d78d513d9d431af4f9e9f697d16c0176a40c72362d88a5339968449e07946040223f4bb50674b5884d27c1144f20902bce73605665e7faac88aca1c98f09529328825377b1e804319ce4aed892d53b82ae31eb8fc04e7b8f33991a8d0d8c2071188540032c7a496&p=8a7b895f85cc43dd08e2947c175f&newp=8e759a45d4d009fc57ef8e6d5b4392695c02dc3051d3d301298ffe0cc4241a1a1a3aecbb24241502d9c478610abb0f31aba7747d605f76a4d3&user=baidu&fm=sc&query=site%3Awww%2Ewine%2Dworld%2Ecom+%B2%A9%B2%CA&qid=ee0f401f000a5f6e&p1=1,http://www.wine-world.com/appdwy53/20190409/appYDK8Avca/20190409/app57zuf/
炒股与赌博有人说 最大-炒股与赌博有人说 最大 - 中信实业银行网,http://www.baidu.com/link?url=qGRuG_Vf3CT-27XI2oV7LHZezYcm_HBtTv13IB21RYLC6hycbpzz64MFASBKDyIAZ8iScqRzCOPpWY62LxcS4KIn8ETuBjGTGOOh7rrg9ucSY8ZM6mezWeajlNvuqlv_,http://cache.baiducontent.com/c?m=9d78d513d9d431af4f9e9f697d16c0176a40c72362d88a5339968449e07946040223f4bb50674b5884d27c1144f20902bce73605665e7faac88aca1c98f09529328825377b1e804319ce4aed892d53b82ae31eb8fc04e7b8f33991a8d0d8c2071188540032c7a496&p=83769a47ba934eaf5aaf8a3a460c&newp=8b2a975e8b934eaf5a9f8862580892695c02dc3051d3d301298ffe0cc4241a1a1a3aecbb24241502d9c478610abb0f31aba7747d605f76acc6&user=baidu&fm=sc&query=site%3Awww%2Ewine%2Dworld%2Ecom+%B2%A9%B2%CA&qid=9ba3ce2200034102&p1=1,http://www.wine-world.com/appdwy53/20190409/appYDK8Avca/20190409/app57zuf/
炒股与赌博有人说 最大-炒股与赌博有人说 最大 - 中信实业银行网,http://www.baidu.com/link?url=yitAkx-SQSRxVFAAISVYWFVkFC-XVb6YqS7CaVvc8qF5gHxue_olqdSLBafl1OrqGBTTj04LHG3fPmeRSjgmNOiVe3NEZ75ftwPpiVKhXXfMhDJ7B92v5-7X0L_42kTU,http://cache.baiducontent.com/c?m=9f65cb4a8c8507ed4fece763105392230e54f726678b87027fa2d615d33a0d564711b2e6783f43469193392c06ae545ce8f33d7031012baac88aca21abc2985b6bd97429701e854a10d51ba4d6156783279512aefb04f3ffad72c5a1c5a3df4320c144757a9781f8&p=9a769a4784934eaf5aa8d03a1e50&newp=882a95478b9213fc57efdd22564c92695c02dc3051d3d301298ffe0cc4241a1a1a3aecbb24241502d9c478610abb0f31aba7747d605f76eaca9a&user=baidu&fm=sc&query=site%3Awww%2Ewine%2Dworld%2Ecom+%B2%A9%B2%CA&qid=b3ea77350002c376&p1=1,http://www.wine-world.com/appdwy53/20190409/appYDK8Avca/20190409/app57zuf/
炒股与赌博有人说 最大-炒股与赌博有人说 最大 - 中信实业银行网,http://www.baidu.com/link?url=ZUueF74WHES0azJyCJn9Q3F-mjWif6OeDGEX2lfX4Ae3NgdA5e5hzuq7iXxeImsbRQtK-xlLN_lT4Q00MQmrwSe31TJj-BTNqYNEYuLygDqZXcDfoLVqM4EXQ4pfMeHh,http://cache.baiducontent.com/c?m=9d78d513d9d431af4f9e9f697d16c0176a40c72362d88a5339968449e07946040223f4bb50674b5884d27c1144f20902bce73605665e7faac88aca1c98f09529328825377b1e804319ce4aed892d53b82ae31eb8fc04e7b8f33991a8d0d8c2071188540032c7a496&p=c3759a45d49b5fbe10b7c7710f0a&newp=91769a47c8d217b108e2947c135492695c02dc3051d3d301298ffe0cc4241a1a1a3aecbb24241502d9c478610abb0f31aba7747d605f76a98a9e96&user=baidu&fm=sc&query=site%3Awww%2Ewine%2Dworld%2Ecom+%B2%A9%B2%CA&qid=89e53bd100022e2c&p1=1,http://www.wine-world.com/appdwy53/20190409/appYDK8Avca/20190409/app57zuf/
炒股与赌博有人说 最大-炒股与赌博有人说 最大 - 中信实业银行网,http://www.baidu.com/link?url=QPx0sTdXQmH7F_HekX95Y8H-Oz7B3H0nlyeef2s36Jp3yFyK8igP0QwDjlF9u5NbxXuaHYWUQwDNU4B2kUSwitrItkO30sLnUh1sWLIXbFMxCXa9J4_CVRo-8vPj_1a7,http://cache.baiducontent.com/c?m=9f65cb4a8c8507ed4fece763105392230e54f726678b87027fa2d615d33a0d564711b2e6783f43469193392c06ae545ce8f33d7031012baac88aca21abc2985b6bd97429701e854a10d51ba4d6156783279512aefb04f3ffad72c5a1c5a3df4320c144757a9781f8&p=882a95478e9e1ef60be296395b54&newp=9164c54ad6c110f60be2962a524092695c02dc3051d3d301298ffe0cc4241a1a1a3aecbb24241502d9c478610abb0f31aba7747d605f76e6c2&user=baidu&fm=sc&query=site%3Awww%2Ewine%2Dworld%2Ecom+%B2%A9%B2%CA&qid=981ef265000bef0d&p1=1,http://www.wine-world.com/appdwy53/20190409/appYDK8Avca/20190409/app57zuf/
炒股与赌博有人说 最大-炒股与赌博有人说 最大 - 中信实业银行网,http://www.baidu.com/link?url=8pHuyZ1vQIdQO9cnDQHqxWntN9tRlKlQiu2js8mN8GPavV48FslPpHY9HUmzqLWapWQJ15rUsoCqOSAC9PH354ut6llR3q9L8In0i7gXoaqqOps-B7chJICC8qjIzl7L,http://cache.baiducontent.com/c?m=9d78d513d9d431af4f9e9f697d16c0176a40c72362d88a5339968449e07946040223f4bb50674b5884d27c1144f20902bce73605665e7faac88aca1c98f09529328825377b1e804319ce4aed892d53b82ae31eb8fc04e7b8f33991a8d0d8c2071188540032c7a496&p=8662c54ad6c106e00be29639465f&newp=89769a47a48b57dd18bd9b7e0f4092695c02dc3051d3d301298ffe0cc4241a1a1a3aecbb24241502d9c478610abb0f31aba7747d605f76c5d3defa0a&user=baidu&fm=sc&query=site%3Awww%2Ewine%2Dworld%2Ecom+%B2%A9%B2%CA&qid=c912286d0000156c&p1=1,http://www.wine-world.com/appdwy53/20190409/appYDK8Avca/20190409/app57zuf/
炒股与赌博有人说 最大-炒股与赌博有人说 最大 - 中信实业银行网,http://www.baidu.com/link?url=nCg6NjtXP7Zb9ZYQHtf2_FBUI9wa-whClkmL_Ika__7ru19L6AzMS9rSHT_wZHnk74MRehwMW2HOLKDGruUVBLRKTRYQWZooHXVhy7guxpcXnxjJgCCjA9MJDYmKn2Cl,http://cache.baiducontent.com/c?m=9f65cb4a8c8507ed4fece763105392230e54f726678b87027fa2d615d33a0d564711b2e6783f43469193392c06ae545ce8f33d7031012baac88aca21abc2985b6bd97429701e854a10d51ba4d6156783279512aefb04f3ffad72c5a1c5a3df4320c144757a9781f8&p=8449c64ad4d01bbc17bd9b7e0f5c&newp=b47ddf1386cc41ad04b3c7710f4f92695c02dc3051d3d301298ffe0cc4241a1a1a3aecbb24241502d9c478610abb0f31aba7747d605f76ebc5&user=baidu&fm=sc&query=site%3Awww%2Ewine%2Dworld%2Ecom+%B2%A9%B2%CA&qid=f9a2f77900065a91&p1=1,http://www.wine-world.com/appdwy53/20190409/appYDK8Avca/20190409/app57zuf/
炒股与赌博有人说 最大-炒股与赌博有人说 最大 - 中信实业银行网,http://www.baidu.com/link?url=N2ymdqV-d3NgS7DhNyZINFdLMnNtpGf-SvpSHP56DJjgbaIScW0pgCpQtZ1oxGvJE6RwCUDIZhjU9IYp70MvNOwMbioBIG0hE8JStJsDdCtGdV8xGRNSbMWk9WF6MqGj,http://cache.baiducontent.com/c?m=9d78d513d9d431af4f9e9f697d16c0176a40c72362d88a5339968449e07946040223f4bb50674b5884d27c1144f20902bce73605665e7faac88aca1c98f09529328825377b1e804319ce4aed892d53b82ae31eb8fc04e7b8f33991a8d0d8c2071188540032c7a496&p=8b2a9759a4b106fa10bd9b7e0f64&newp=882a954792d912a05aaac827564092695c02dc3051d3d301298ffe0cc4241a1a1a3aecbb24241502d9c478610abb0f31aba7747d605f76f381&user=baidu&fm=sc&query=site%3Awww%2Ewine%2Dworld%2Ecom+%B2%A9%B2%CA&qid=ffdbf6ce0000a02e&p1=1,http://www.wine-world.com/appdwy53/20190409/appYDK8Avca/20190409/app57zuf/
炒股与赌博有人说 最大-炒股与赌博有人说 最大 - 中信实业银行网,http://www.baidu.com/link?url=w9cD-kFQX8bFDTZnkpffjm2BnrOfYuZj94z5uayB_I-HQsmE9JPJo6m3zLPHrzoliJZvii1RysiJ_yzjOqUDtU-8WGl1uZzgWIr9KHjtyYxWcoPkqw5ecO2Ntyz8UQ2-,http://cache.baiducontent.com/c?m=9f65cb4a8c8507ed4fece763105392230e54f726678b87027fa2d615d33a0d564711b2e6783f43469193392c06ae545ce8f33d7031012baac88aca21abc2985b6bd97429701e854a10d51ba4d6156783279512aefb04f3ffad72c5a1c5a3df4320c144757a9781f8&p=8b2a9704ca8b00f708e2947c450c&newp=916ec64ad4df52ff57ed9622555692695c02dc3051d3d301298ffe0cc4241a1a1a3aecbb24241502d9c478610abb0f31aba7747d605f76ab88&user=baidu&fm=sc&query=site%3Awww%2Ewine%2Dworld%2Ecom+%B2%A9%B2%CA&qid=d76bf4a50005d6df&p1=1,http://www.wine-world.com/appdwy53/20190409/appYDK8Avca/20190409/app57zuf/
炒股与赌博有人说 最大-炒股与赌博有人说 最大 - 中信实业银行网,http://www.baidu.com/link?url=BSTuDqrt8RS-gwtHqTprN-aPX9plVMdlc65ss7SqVoKgBufrfEI1WMJpVnzcuruHKx_Dx2i8gytge_Fbbb-Sf1_h0GmsPfbJjovkkY8OVntEuaxzbl33X52kIs5DWGRc,http://cache.baiducontent.com/c?m=9d78d513d9d431af4f9e9f697d16c0176a40c72362d88a5339968449e07946040223f4bb50674b5884d27c1144f20902bce73605665e7faac88aca1c98f09529328825377b1e804319ce4aed892d53b82ae31eb8fc04e7b8f33991a8d0d8c2071188540032c7a496&p=816ddc15d9c343f344be9b7c590d&newp=8b2a97188d9e5dbe08e2947c4d4e92695c02dc3051d3d301298ffe0cc4241a1a1a3aecbb24241502d9c478610abb0f31aba7747d605f76eac095945b&user=baidu&fm=sc&query=site%3Awww%2Ewine%2Dworld%2Ecom+%B2%A9%B2%CA&qid=fad305620001e9d9&p1=1,http://www.wine-world.com/appdwy53/20190409/appYDK8Avca/20190409/app57zuf/
炒股与赌博有人说 最大-炒股与赌博有人说 最大 - 中信实业银行网,http://www.baidu.com/link?url=KgYoYJemlY33oyGGHVKk1kvNmsAafaz0PSP-u3yHX52To7BVZNSJuezbivP56Rxt9MgT-AzuFgpQ-_z6qsQlZMP8dBUN1-8tZ7ybMVNgeLClfde5aVD238O7NUD-YirT,http://cache.baiducontent.com/c?m=9d78d513d9d431af4f9e9f697d16c0176a40c72362d88a5339968449e07946040223f4bb50674b5884d27c1144f20902bce73605665e7faac88aca1c98f09529328825377b1e804319ce4aed892d53b82ae31eb8fc04e7b8f33991a8d0d8c2071188540032c7a496&p=cb759a45d48457fb05be9b7c5743&newp=882a9547808b12a05af3c6281e0a92695c02dc3051d3d301298ffe0cc4241a1a1a3aecbb24241502d9c478610abb0f31aba7747d605f76e1d3&user=baidu&fm=sc&query=site%3Awww%2Ewine%2Dworld%2Ecom+%B2%A9%B2%CA&qid=d9f3130f00024152&p1=1,http://www.wine-world.com/appdwy53/20190409/appYDK8Avca/20190409/app57zuf/
http://www.wine-world.com/appdwy53/20190409/appYDK8Avca/20190409/app57zuf/
http://www.wine-world.com/appdwy53/20190409/appYDK8Avca/20190409/app57zuf/
http://www.wine-world.com/appdwy53/20190409/appYDK8Avca/20190409/app57zuf/
http://www.wine-world.com/docou36/
http://www.wine-world.com/app228/
http://www.wine-world.com/doccY4gl/
http://www.wine-world.com/appEUbeavO/
http://www.wine-world.com/docqm218/
http://www.wine-world.com/doc531/
https://m.wine-world.com/culture/tz/20150104115720894
https://m.wine-world.com/culture/sc/20130419155706000
http://www.wine-world.com/doc93175/
http://www.wine-world.com/appdwy53/20190409/appYDK8Avca/20190409/app57zuf/
http://www.wine-world.com/app228/
http://www.wine-world.com/doccY4gl/
http://www.wine-world.com/appEUbeavO/
http://www.wine-world.com/docqm218/
http://www.wine-world.com/doc531/
https://m.wine-world.com/culture/tz/20150104115720894
https://m.wine-world.com/culture/sc/20130419155706000
http://www.wine-world.com/doc93175/
http://www.wine-world.com/docou36/
炒股与赌博有人说 最大-炒股与赌博有人说 最大 - 中信实业银行网,http://www.baidu.com/link?url=U34QuBDkGwYGCWLBIasLYF_0tbAeumGQ4YMJtFzer6nra9WIQQ6cPAlmybkpBq0kvm_F0AnzVY7snH0J5S-jzhEY6p5e6xFR113fjr1i0IwIonexktK_y8H8q_gg-h1w,http://cache.baiducontent.com/c?m=9d78d513d9d431af4f9e9f697d16c0176a40c72362d88a5339968449e07946040223f4bb50674b5884d27c1144f20902bce73605665e7faac88aca1c98f09529328825377b1e804319ce4aed892d53b82ae31eb8fc04e7b8f33991a8d0d8c2071188540032c7a496&p=91769a4786cc41ad11bc82295241&newp=81769a479e934eaf5afcc560585192695c02dc3051d3d301298ffe0cc4241a1a1a3aecbb24241502d9c478610abb0f31aba7747d605f76ff&user=baidu&fm=sc&query=site%3Awww%2Ewine%2Dworld%2Ecom+%B2%A9%B2%CA&qid=df24c02100016139&p1=1,http://www.wine-world.com/appdwy53/20190409/appYDK8Avca/20190409/app57zuf/
炒股与赌博有人说 最大-炒股与赌博有人说 最大 - 中信实业银行网,http://www.baidu.com/link?url=U34QuBDkGwYGCWLBIasLYF_0tbAeumGQ4YMJtFzer6nra9WIQQ6cPAlmybkpBq0kvm_F0AnzVY7snH0J5S-jzhEY6p5e6xFR113fjr1i0IwIonexktK_y8H8q_gg-h1w,http://cache.baiducontent.com/c?m=9d78d513d9d431af4f9e9f697d16c0176a40c72362d88a5339968449e07946040223f4bb50674b5884d27c1144f20902bce73605665e7faac88aca4addb18f&p=807dc54ad1c452fb03a7c7710f43&newp=8b2a970c978411a05fead0365c5c92695c16ed643bc3864e1290c408d23f061d4866e0be23281605d6c0797347c2080ba8ff612e614a61f0&user=baidu&fm=sc&query=site%3Awww%2Ewine%2Dworld%2Ecom+%B2%A9%B2%CA&qid=df24c02100016139&p1=10,http://www.wine-world.com/app228/
炒股与赌博有人说 最大-炒股与赌博有人说 最大 - 中信实业银行网,http://www.baidu.com/link?url=U34QuBDkGwYGCWLBIasLYF_0tbAeumGQ4YMJtFzer6nra9WIQQ6cPAlmybkpBq0kvm_F0AnzVY7snH0J5S-jzhEY6p5e6xFR113fjr1i0IwIonexktK_y8H8q_gg-h1w,http://cache.baiducontent.com/c?m=9d78d513d9d431af4f9e9f697d16c0176a40c72362d88a5339968449e07946040223f4bb50674b5884d27c1144f20902bce73605665e7faacd95d91bb6bdc77632&p=8766c54ad7c75ae704b9c7710f50&newp=90769a47998308ff57ec9068445792695c16ed6238c3864e1290c408d23f061d4866e0be23281605d6c0797347c2080ba8ff612e614c60fe&user=baidu&fm=sc&query=site%3Awww%2Ewine%2Dworld%2Ecom+%B2%A9%B2%CA&qid=df24c02100016139&p1=9,http://www.wine-world.com/doccY4gl/
炒股与赌博有人说 最大-炒股与赌博有人说 最大 - 中信实业银行网,http://www.baidu.com/link?url=U34QuBDkGwYGCWLBIasLYF_0tbAeumGQ4YMJtFzer6nra9WIQQ6cPAlmybkpBq0kvm_F0AnzVY7snH0J5S-jzhEY6p5e6xFR113fjr1i0IwIonexktK_y8H8q_gg-h1w,http://cache.baiducontent.com/c?m=9d78d513d9d431af4f9e9f697d16c0176a40c72362d88a5339968449e07946040223f4bb50674b5884d27c1144f20902bce73605665e7faac88aca3dbaebc57b6bf53a&p=807dc54ad2c652fb03a7c7710f43&newp=8b2a970c978411a05ce8d0365c5c92695c16ed6739c3864e1290c408d23f061d4866e0be23281605d6c0797347c2080ba8ff612e614a61f0&user=baidu&fm=sc&query=site%3Awww%2Ewine%2Dworld%2Ecom+%B2%A9%B2%CA&qid=df24c02100016139&p1=8,http://www.wine-world.com/appEUbeavO/
炒股与赌博有人说 最大-炒股与赌博有人说 最大 - 中信实业银行网,http://www.baidu.com/link?url=U34QuBDkGwYGCWLBIasLYF_0tbAeumGQ4YMJtFzer6nra9WIQQ6cPAlmybkpBq0kvm_F0AnzVY7snH0J5S-jzhEY6p5e6xFR113fjr1i0IwIonexktK_y8H8q_gg-h1w,http://cache.baiducontent.com/c?m=9d78d513d9d431af4f9e9f697d16c0176a40c72362d88a5339968449e07946040223f4bb50674b5884d27c1144f20902bce73605665e7faacd95d90982bb912232&p=8766c54ad6c15ae704b9c7710f50&newp=90769a47998308ff57ed9668445792695c16ed633ec3864e1290c408d23f061d4866e0be23281605d6c0797347c2080ba8ff612e614c60fe&user=baidu&fm=sc&query=site%3Awww%2Ewine%2Dworld%2Ecom+%B2%A9%B2%CA&qid=df24c02100016139&p1=7,http://www.wine-world.com/docqm218/
炒股与赌博有人说 最大-炒股与赌博有人说 最大 - 中信实业银行网,http://www.baidu.com/link?url=U34QuBDkGwYGCWLBIasLYF_0tbAeumGQ4YMJtFzer6nra9WIQQ6cPAlmybkpBq0kvm_F0AnzVY7snH0J5S-jzhEY6p5e6xFR113fjr1i0IwIonexktK_y8H8q_gg-h1w,http://cache.baiducontent.com/c?m=9d78d513d9d431af4f9e9f697d16c0176a40c72362d88a5339968449e07946040223f4bb50674b5884d27c1144f20902bce73605665e7faacd95d94ddcb88f&p=807dc54ad5c652fb03a7c7710f43&newp=8b2a970c978411a05be8d0365c5c92695c16ed6039c3864e1290c408d23f061d4866e0be23281605d6c0797347c2080ba8ff612e614a61f0&user=baidu&fm=sc&query=site%3Awww%2Ewine%2Dworld%2Ecom+%B2%A9%B2%CA&qid=df24c02100016139&p1=6,http://www.wine-world.com/doc531/
炒股与赌博有人说 最大-炒股与赌博有人说 最大 - 中信实业银行网,http://www.baidu.com/link?url=U34QuBDkGwYGCWLBIasLYF_0tbAeumGQ4YMJtFzer6nra9WIQQ6cPAlmybkpBq0kvm_F0AnzVY7snH0J5S-jzhEY6p5e6xFR113fjr1i0IwIonexktK_y8H8q_gg-h1w,http://cache.baiducontent.com/c?m=9d78d513d9d431af4f9e9f697d16c0176a40c72362d88a533996d25f9217465c1871e3cc62794c53c4c50a225cef170afdf041236a5c3de6dc96ce0d9dec8f6e67952736731b844210d51aaccc4325c32a9b5c&p=882a9710818712a05ab1c12a45&newp=8557c64ad49611a05ab2d2624453d8254207dc357b9687787cc0c513fe200c01063dbee72826140ed1c57c640bad4d58e0f63173330921b68f8ee50b8af99d7f73de72&user=baidu&fm=sc&query=site%3Awww%2Ewine%2Dworld%2Ecom+%B2%A9%B2%CA&qid=df24c02100016139&p1=5,https://m.wine-world.com/culture/tz/20150104115720894
炒股与赌博有人说 最大-炒股与赌博有人说 最大 - 中信实业银行网,http://www.baidu.com/link?url=U34QuBDkGwYGCWLBIasLYF_0tbAeumGQ4YMJtFzer6nra9WIQQ6cPAlmybkpBq0kvm_F0AnzVY7snH0J5S-jzhEY6p5e6xFR113fjr1i0IwIonexktK_y8H8q_gg-h1w,http://cache.baiducontent.com/c?m=9d78d513d9d431af4f9e9f697d16c0176a40c72362d88a533996d25f9217465c1871e3cc62794c53c4c50a225cef170afdf041236a5c3de6dc96ce0d9dec8f697e952736731d844711d81aa8cc4327c5229258&p=91769a4786cc42ae59a4c5685a4980&newp=81769a479e934eac59ec852f134390231610db2151d6d5166b82c825d7331b001c3bbfb42326150fd5c47a6503ab4d5eeff63679330221a3dda5c91d9fb4c57479c0&user=baidu&fm=sc&query=site%3Awww%2Ewine%2Dworld%2Ecom+%B2%A9%B2%CA&qid=df24c02100016139&p1=4,https://m.wine-world.com/culture/sc/20130419155706000
炒股与赌博有人说 最大-炒股与赌博有人说 最大 - 中信实业银行网,http://www.baidu.com/link?url=U34QuBDkGwYGCWLBIasLYF_0tbAeumGQ4YMJtFzer6nra9WIQQ6cPAlmybkpBq0kvm_F0AnzVY7snH0J5S-jzhEY6p5e6xFR113fjr1i0IwIonexktK_y8H8q_gg-h1w,http://cache.baiducontent.com/c?m=9d78d513d9d431af4f9e9f697d16c0176a40c72362d88a5339968449e07946040223f4bb50674b5884d27c1144f20902bce73605665e7faacd95d941dcb8972f32&p=882a9647839405fc57efc82b595e&newp=8557c64ad49611a05befcb38115f92695c16ed603ec3864e1290c408d23f061d4866e0be23281605d6c0797347c2080ba8ff612e6156&user=baidu&fm=sc&query=site%3Awww%2Ewine%2Dworld%2Ecom+%B2%A9%B2%CA&qid=df24c02100016139&p1=3,http://www.wine-world.com/doc93175/
炒股与赌博有人说 最大-炒股与赌博有人说 最大 - 中信实业银行网,http://www.baidu.com/link?url=U34QuBDkGwYGCWLBIasLYF_0tbAeumGQ4YMJtFzer6nra9WIQQ6cPAlmybkpBq0kvm_F0AnzVY7snH0J5S-jzhEY6p5e6xFR113fjr1i0IwIonexktK_y8H8q_gg-h1w,http://cache.baiducontent.com/c?m=9d78d513d9d431af4f9e9f697d16c0176a40c72362d88a5339968449e07946040223f4bb50674b5884d27c1144f20902bce73605665e7faacd95d9179aba9635&p=9b769a4793df17ff57e9942a574d&newp=813bdf1185cc43f811bd9b7a0d4992695c16ed673cc3864e1290c408d23f061d4866e0be23281605d6c0797347c2080ba8ff612e615469&user=baidu&fm=sc&query=site%3Awww%2Ewine%2Dworld%2Ecom+%B2%A9%B2%CA&qid=df24c02100016139&p1=2,http://www.wine-world.com/docou36/
缠论教你炒股,http://www.baidu.com/link?url=Ytj6VsC21DrYABbiRw3GiqhQ7qyl-21y_f6KG7NPTEmMGbZBRNag3Mj3rMy8h4Uz,http://cache.baiducontent.com/c?m=9f65cb4a8c8507ed4fece763105392230e54f726678b87027fa2d615d33a0d564711b2e6783f465982cf766706a55448afad7624381450b78cbb835dadbb85595c&p=c6769a478f8618b508e2947f460a&newp=882a95449c8212a05af6d63d150a92695c16ed633dc3864e1290c408d23f061d4866e0be23281605d6c0797347c2080ba8ff612e614961&user=baidu&fm=sc&query=site%3Awww%2Ewine%2Dworld%2Ecom+%B2%A9%B2%CA&qid=935e70a700042943&p1=11,http://www.wine-world.com/doc88258/
缠论教你炒股,http://www.baidu.com/link?url=Ytj6VsC21DrYABbiRw3GiqhQ7qyl-21y_f6KG7NPTEmMGbZBRNag3Mj3rMy8h4Uz,http://cache.baiducontent.com/c?m=9d78d513d9d431af4f9e9f697d16c0176a40c72362d88a5339968449e07946040223f4bb50674b5884d27c1144f20902bce73605665e7faaca8fd60c9afbc53567c23a34721f804211d31bacc84525c02a945def&p=882a97139dd852fa09be9b7c11&newp=8c769a478ad517ec18bd9b7c1e53d8254207dc357b96877878c0c513fe200c01063dbee728261401d8c57f6305a94958e8f13775370124b08f8ee50b8af99d7f73de7b22265fc6&user=baidu&fm=sc&query=site%3Awww%2Ewine%2Dworld%2Ecom+%B2%A9%B2%CA&qid=935e70a700042943&p1=20,http://www.wine-world.com/culture/zx/20141120111238654
缠论教你炒股,http://www.baidu.com/link?url=Ytj6VsC21DrYABbiRw3GiqhQ7qyl-21y_f6KG7NPTEmMGbZBRNag3Mj3rMy8h4Uz,http://cache.baiducontent.com/c?m=9d78d513d9d431af4f9e9f697d16c0176a40c72362d88a5339968449e07946040223f4bb50674b5884d27c1144f20902bce73605665e7faade93d41d9df08f7871db766d284fd71805d36fef981a749b&p=8165c4048f8012a05abd9b7c49&newp=8d3ed216d9c114ff57eff8371353d8254207dc357b9687787dc0c513fe200c01063dbee728261401d8cf7b6504ae4358e1f23473340723b28f8ee50b8af99d7f73de72&user=baidu&fm=sc&query=site%3Awww%2Ewine%2Dworld%2Ecom+%B2%A9%B2%CA&qid=935e70a700042943&p1=19,http://www.wine-world.com/winery/blackjack-ranch
